0.400000,0.000000,-0.000000,2.000000,-0.008473,0.500000,-0.000272,-0.039645
0.500000,-0.000272,-0.039645,2.000000,-0.008086,0.599994,-0.002774,-0.026884
0.599994,-0.002774,-0.026884,1.800000,-0.007827,0.689988,-0.004000,-0.030615
0.689988,-0.004000,-0.030615,1.620000,-0.007185,0.770986,-0.004587,-0.033862
0.770986,-0.004587,-0.033862,1.458000,-0.006813,0.843886,-0.004921,-0.037923
0.843886,-0.004921,-0.037923,1.312200,-0.006548,0.909496,-0.005003,-0.040592
0.909496,-0.005003,-0.040592,1.180980,-0.006131,0.968546,-0.005016,-0.043927
0.968546,-0.005016,-0.043927,1.062882,-0.005593,1.021691,-0.004872,-0.046075
1.021691,-0.004872,-0.046075,0.956594,-0.005070,1.069522,-0.004722,-0.048870
1.069522,-0.004722,-0.048870,0.860934,-0.004461,1.112571,-0.004455,-0.050609
1.112571,-0.004455,-0.050609,0.774841,-0.003668,1.151314,-0.004218,-0.052979
1.151314,-0.004218,-0.052979,0.697357,-0.002886,1.186183,-0.003887,-0.054383
1.186183,-0.003887,-0.054383,0.627621,-0.001933,1.217565,-0.003609,-0.056408
1.217565,-0.003609,-0.056408,0.564859,-0.000831,1.245809,-0.003251,-0.057531
1.245809,-0.003251,-0.057531,0.508373,-0.000553,1.271229,-0.002963,-0.059270
1.271229,-0.002963,-0.059270,0.457536,0.000797,1.294107,0.001966,0.004732
1.294107,0.001966,0.004732,0.411782,0.001178,1.314693,0.003714,0.040024
1.314693,0.003714,0.040024,0.370604,-0.001424,1.333228,-0.000911,-0.011931
1.333228,-0.000911,-0.011931,0.333544,-0.003010,1.349903,-0.002744,-0.043410
1.349903,-0.002744,-0.043410,0.300189,-0.002714,1.364912,-0.002789,-0.056014
1.364912,-0.002789,-0.056014,0.270170,-0.001765,1.378421,-0.002387,-0.062016
1.378421,-0.002387,-0.062016,0.243153,0.000082,1.390581,0.000430,-0.030811
1.390581,0.000430,-0.030811,0.218838,0.001711,1.401517,0.003931,0.026555
1.401517,0.003931,0.026555,0.196954,0.001592,1.411365,0.004100,0.050226
1.411365,0.004100,0.050226,0.177259,0.000061,1.420233,0.000869,0.021243
1.420233,0.000869,0.021243,0.159533,-0.000494,1.428208,-0.002708,-0.030717
1.428208,-0.002708,-0.030717,0.143580,0.000242,1.435389,0.001360,0.015606
1.435389,0.001360,0.015606,0.129222,0.001681,1.441848,0.002788,0.046607
1.441848,0.002788,0.046607,0.116299,0.002346,1.447663,0.002482,0.059548
1.447663,0.002482,0.059548,0.104670,0.001769,1.452898,0.001805,0.065719
1.452898,0.001805,0.065719,0.094203,0.002473,1.457608,0.001029,0.068040
1.457608,0.001029,0.068040,0.084782,0.002080,1.461848,0.000446,0.069640
1.461848,0.000446,0.069640,0.076304,0.003988,1.465663,-0.000085,0.069980
1.465663,-0.000085,0.069980,0.068674,0.004393,1.469097,-0.000421,0.070706
1.469097,-0.000421,0.070706,0.061806,0.007954,1.472187,-0.000748,0.070652
1.472187,-0.000748,0.070652,0.055626,0.009529,1.474968,-0.000926,0.071188
1.474968,-0.000926,0.071188,0.050063,0.012167,1.477471,-0.001136,0.071036
1.477471,-0.001136,0.071036,0.045057,0.018216,1.479724,-0.001229,0.071511
1.479724,-0.001229,0.071511,0.040551,0.022925,1.481751,-0.001376,0.071320
1.481751,-0.001376,0.071320,0.036496,0.031219,1.483576,-0.001422,0.071763
1.483576,-0.001422,0.071763,0.032846,0.038576,1.485215,0.003333,0.152590
1.485215,0.003333,0.152590,0.029562,0.047542,1.486694,0.003207,0.187742
1.486694,0.003207,0.187742,0.026606,0.053767,1.488026,0.001718,0.203772
1.488026,0.001718,0.203772,0.023945,0.062293,1.489225,-0.000031,0.210463
1.489225,-0.000031,0.210463,0.021551,0.069866,1.490299,0.002913,0.283213
1.490299,0.002913,0.283213,0.019395,0.079372,1.491270,0.002341,0.326870
1.491270,0.002341,0.326870,0.017456,0.085559,1.492145,0.000075,0.345773
1.492145,0.000075,0.345773,0.015710,0.093910,1.492929,-0.002221,0.354692
1.492929,-0.002221,0.354692,0.014139,0.100784,1.493637,0.000618,0.439547
1.493637,0.000618,0.439547,0.012725,0.108935,1.494273,-0.001021,0.476660
1.494273,-0.001021,0.476660,0.011453,0.113713,1.494842,-0.003643,0.493631
1.494842,-0.003643,0.493631,0.010308,0.120554,1.495349,-0.006216,0.500773
1.495349,-0.006216,0.500773,0.009277,0.125960,1.495803,-0.008236,0.504497
1.495803,-0.008236,0.504497,0.008349,0.133761,1.496235,-0.004998,0.587119
1.496235,-0.004998,0.587119,0.007514,0.139289,1.496605,-0.006276,0.623274
1.496605,-0.006276,0.623274,0.006763,0.144219,1.496932,-0.008611,0.639816
1.496932,-0.008611,0.639816,0.006087,0.148545,1.497221,-0.010969,0.646753
1.497221,-0.010969,0.646753,0.005478,0.153315,1.497480,-0.012831,0.650365
1.497480,-0.012831,0.650365,0.004930,0.158527,1.497713,-0.014325,0.651571
1.497713,-0.014325,0.651571,0.004437,0.164315,1.497963,-0.010986,0.722035
1.497963,-0.010986,0.722035,0.003993,0.169313,1.498161,-0.011214,0.764807
1.498161,-0.011214,0.764807,0.003594,0.172377,1.498324,-0.013215,0.783330
1.498324,-0.013215,0.783330,0.003235,0.174371,1.498466,-0.015311,0.792047
1.498466,-0.015311,0.792047,0.002911,0.176284,1.498592,-0.017176,0.795493
1.498592,-0.017176,0.795493,0.002620,0.177877,1.498706,-0.018550,0.797530
1.498706,-0.018550,0.797530,0.002358,0.179958,1.498810,-0.019640,0.798011
1.498810,-0.019640,0.798011,0.002122,0.181861,1.498907,-0.020358,0.798727
1.498907,-0.020358,0.798727,0.001910,0.184541,1.498994,-0.020941,0.798615
1.498994,-0.020941,0.798615,0.001719,0.187061,1.499075,-0.021286,0.799061
1.499075,-0.021286,0.799061,0.001547,0.190453,1.499148,-0.021601,0.798823
1.499148,-0.021601,0.798823,0.001392,0.193794,1.499273,-0.017389,0.868637
1.499273,-0.017389,0.868637,0.001253,0.196666,1.499340,-0.016990,0.911111
1.499340,-0.016990,0.911111,0.001128,0.197261,1.499378,-0.018544,0.929476
1.499378,-0.018544,0.929476,0.001015,0.197111,1.499405,-0.020323,0.938093
1.499405,-0.020323,0.938093,0.000914,0.196426,1.499428,-0.021963,0.941464
1.499428,-0.021963,0.941464,0.000822,0.195772,1.499451,-0.023175,0.943438
1.499451,-0.023175,0.943438,0.000740,0.194810,1.499473,-0.024148,0.943864
1.499473,-0.024148,0.943864,0.000666,0.194058,1.499496,-0.024780,0.944532
1.499496,-0.024780,0.944532,0.000599,0.192931,1.499517,-0.025299,0.944376
1.499517,-0.025299,0.944376,0.000539,0.192166,1.499539,-0.025595,0.944783
1.499539,-0.025595,0.944783,0.000485,0.190850,1.499477,-0.030237,0.875073
1.499477,-0.030237,0.875073,0.000437,0.191265,1.499484,-0.030940,0.832669
1.499484,-0.030940,0.832669,0.000393,0.193349,1.499611,-0.025236,0.883801
1.499611,-0.025236,0.883801,0.000354,0.196029,1.499664,-0.023032,0.917995
1.499664,-0.023032,0.917995,0.000319,0.196261,1.499680,-0.023001,0.932680
1.499680,-0.023001,0.932680,0.000287,0.196129,1.499686,-0.023537,0.939654
1.499686,-0.023537,0.939654,0.000258,0.194868,1.499688,-0.024252,0.942284
1.499688,-0.024252,0.942284,0.000232,0.194148,1.499691,-0.024797,0.943917
1.499691,-0.024797,0.943917,0.000209,0.192249,1.499693,-0.025297,0.944181
1.499693,-0.025297,0.944181,0.000188,0.191399,1.499607,-0.030435,0.863319
1.499607,-0.030435,0.863319,0.000169,0.190716,1.499613,-0.030537,0.827976
1.499613,-0.030537,0.827976,0.000152,0.193640,1.499734,-0.024350,0.893309
1.499734,-0.024350,0.893309,0.000137,0.194156,1.499764,-0.022882,0.921783
1.499764,-0.022882,0.921783,0.000123,0.194599,1.499768,-0.023005,0.934860
1.499768,-0.023005,0.934860,0.000111,0.192973,1.499763,-0.023692,0.940189
1.499763,-0.023692,0.940189,0.000100,0.191737,1.499671,-0.029169,0.861568
1.499671,-0.029169,0.861568,0.000090,0.191461,1.499667,-0.029597,0.827214
1.499667,-0.029597,0.827214,0.000081,0.192930,1.499777,-0.023675,0.892985
1.499777,-0.023675,0.892985,0.000073,0.194235,1.499800,-0.022407,0.921652
1.499800,-0.022407,0.921652,0.000066,0.192230,1.499799,-0.022675,0.934813
1.499799,-0.022675,0.934813,0.000059,0.191274,1.499715,-0.027829,0.870737
1.499715,-0.027829,0.870737,0.000053,0.188660,1.499693,-0.029116,0.830817
1.499693,-0.029116,0.830817,0.000048,0.190166,1.499712,-0.028280,0.813602
1.499712,-0.028280,0.813602,0.000043,0.190044,1.499737,-0.027045,0.805515
1.499737,-0.027045,0.805515,0.000039,0.192109,1.499829,-0.021438,0.871840
1.499829,-0.021438,0.871840,0.000035,0.190207,1.499780,-0.024775,0.831309
1.499780,-0.024775,0.831309,0.000031,0.189758,1.499772,-0.025320,0.813823
1.499772,-0.025320,0.813823,0.000028,0.186850,1.499779,-0.025022,0.805615
1.499779,-0.025022,0.805615,0.000025,0.186651,1.499790,-0.024419,0.802445
1.499790,-0.024419,0.802445,0.000023,0.182696,1.499799,-0.023929,0.800577
1.499799,-0.023929,0.800577,0.000021,0.181435,1.499807,-0.023459,0.800214
1.499807,-0.023459,0.800214,0.000019,0.175647,1.499813,-0.023177,0.799590
1.499813,-0.023177,0.799590,0.000017,0.172747,1.499818,-0.022902,0.799778
1.499818,-0.022902,0.799778,0.000015,0.164594,1.499820,-0.022776,0.799397
1.499820,-0.022776,0.799397,0.000014,0.159423,1.499743,-0.027459,0.718244
1.499743,-0.027459,0.718244,0.000012,0.154399,1.499747,-0.027235,0.682766
1.499747,-0.027235,0.682766,0.000011,0.145732,1.499776,-0.025658,0.666590
1.499776,-0.025658,0.666590,0.000010,0.140918,1.499806,-0.023845,0.659889
1.499806,-0.023845,0.659889,0.000009,0.129362,1.499829,-0.022378,0.656458
1.499829,-0.022378,0.656458,0.000008,0.121522,1.499771,-0.026011,0.573953
1.499771,-0.026011,0.573953,0.000007,0.107048,1.499788,-0.025011,0.537877
1.499788,-0.025011,0.537877,0.000006,0.098779,1.499823,-0.022876,0.521435
1.499823,-0.022876,0.521435,0.000006,0.082078,1.499780,-0.025510,0.433169
1.499780,-0.025510,0.433169,0.000005,0.071768,1.499812,-0.023582,0.394540
1.499812,-0.023582,0.394540,0.000005,0.054148,1.499788,-0.025070,0.307526
1.499788,-0.025070,0.307526,0.000004,0.042837,1.499824,-0.022883,0.257446
1.499824,-0.022883,0.257446,0.000004,0.024994,1.499805,-0.024079,0.154280
1.499805,-0.024079,0.154280,0.000003,0.014095,1.499858,-0.020543,0.109053
1.499858,-0.020543,0.109053,0.000003,-0.002832,1.499856,-0.020651,0.019117
1.499856,-0.020651,0.019117,0.000003,-0.014048,1.499898,-0.017396,-0.032258
1.499898,-0.017396,-0.032258,0.000003,-0.030303,1.499943,-0.012963,-0.054547
1.499943,-0.012963,-0.054547,0.000002,-0.042437,1.499939,-0.013412,-0.134325
1.499939,-0.013412,-0.134325,0.000002,-0.060313,1.499960,-0.010814,-0.181201
1.499960,-0.010814,-0.181201,0.000002,-0.072854,1.499952,-0.011860,-0.282947
1.499952,-0.011860,-0.282947,0.000002,-0.089389,1.499976,-0.008281,-0.327545
1.499976,-0.008281,-0.327545,0.000001,-0.100653,1.499976,-0.008386,-0.417203
1.499976,-0.008386,-0.417203,0.000001,-0.115778,1.499991,-0.005140,-0.468455
1.499991,-0.005140,-0.468455,0.000001,-0.126071,1.499999,-0.000718,-0.490690
1.499999,-0.000718,-0.490690,0.000001,-0.140412,1.499999,-0.001177,-0.570443
1.499999,-0.001177,-0.570443,0.000001,-0.151213,1.499999,0.001413,-0.617309
1.499999,0.001413,-0.617309,0.000001,-0.164527,1.500000,0.000361,-0.719050
1.500000,0.000361,-0.719050,0.000001,-0.172348,1.499994,0.003936,-0.763646
1.499994,0.003936,-0.763646,0.000001,-0.182870,1.499977,0.008193,-0.783861
1.499977,0.008193,-0.783861,0.000001,-0.192880,1.499983,0.007174,-0.873800
1.499983,0.007174,-0.873800,0.000001,-0.197674,1.499965,0.010280,-0.913168
1.499965,0.010280,-0.913168,0.000001,-0.203896,1.499934,0.013997,-0.931068
1.499934,0.013997,-0.931068,0.000000,-0.206756,1.499899,0.017352,-0.938532
1.499899,0.017352,-0.938532,0.000000,-0.208767,1.499868,0.019910,-0.942301
1.499868,0.019910,-0.942301,0.000000,-0.210615,1.499840,0.021880,-0.943507
1.499840,0.021880,-0.943507,0.000000,-0.209941,1.499820,0.023226,-0.944505
1.499820,0.023226,-0.944505,0.000000,-0.210370,1.499804,0.024248,-0.944483
1.499804,0.024248,-0.944483,0.000000,-0.207042,1.499793,0.024893,-0.944937
1.499793,0.024893,-0.944937,0.000000,-0.205870,1.499785,0.025410,-0.944674
1.499785,0.025410,-0.944674,0.000000,-0.199734,1.499780,0.025699,-0.945022
1.499780,0.025699,-0.945022,0.000000,-0.196529,1.499775,0.025967,-0.944712
1.499775,0.025967,-0.944712,0.000000,-0.187315,1.499681,0.030923,-0.863589
1.499681,0.030923,-0.863589,0.000000,-0.183063,1.499682,0.030887,-0.828125
1.499682,0.030887,-0.828125,0.000000,-0.174188,1.499711,0.029441,-0.811954
1.499711,0.029441,-0.811954,0.000000,-0.169618,1.499744,0.027718,-0.805256
1.499744,0.027718,-0.805256,0.000000,-0.158127,1.499686,0.030677,-0.732384
1.499686,0.030677,-0.732384,0.000000,-0.151144,1.499698,0.030090,-0.688566
1.499698,0.030090,-0.688566,0.000000,-0.138431,1.499742,0.027804,-0.669624
1.499742,0.027804,-0.669624,0.000000,-0.130469,1.499783,0.025502,-0.660771
1.499783,0.025502,-0.660771,0.000000,-0.113470,1.499732,0.028336,-0.575864
1.499732,0.028336,-0.575864,0.000000,-0.102707,1.499763,0.026687,-0.538724
1.499763,0.026687,-0.538724,0.000000,-0.083467,1.499731,0.028427,-0.452369
1.499731,0.028427,-0.452369,0.000000,-0.071379,1.499767,0.026442,-0.402580
1.499767,0.026442,-0.402580,0.000000,-0.051005,1.499743,0.027787,-0.299544
1.499743,0.027787,-0.299544,0.000000,-0.039124,1.499802,0.024360,-0.254375
1.499802,0.024360,-0.254375,0.000000,-0.019084,1.499799,0.024546,-0.164463
1.499799,0.024546,-0.164463,0.000000,-0.006794,1.499848,0.021344,-0.113100
1.499848,0.021344,-0.113100,0.000000,0.005685,1.499842,0.021790,-0.009366
1.499842,0.021790,-0.009366,0.000000,0.024460,1.499895,0.017715,0.036113
1.499895,0.017715,0.036113,0.000000,0.036089,1.499899,0.017443,0.126161
1.499899,0.017443,0.126161,0.000000,0.053945,1.499935,0.013922,0.177585
1.499935,0.013922,0.177585,0.000000,0.070699,1.499933,0.014145,0.281346
1.499933,0.014145,0.281346,0.000000,0.080152,1.499967,0.009916,0.326836
1.499967,0.009916,0.326836,0.000000,0.094144,1.499991,0.005173,0.347447
1.499991,0.005173,0.347447,0.000000,0.103465,1.499989,0.005842,0.437561
1.499989,0.005842,0.437561,0.000000,0.116533,1.499998,0.002488,0.477007
1.499998,0.002488,0.477007,0.000000,0.124538,1.499999,-0.001403,0.494942
1.499999,-0.001403,0.494942,0.000000,0.136185,1.500000,-0.000037,0.583870
1.500000,-0.000037,0.583870,0.000000,0.143945,1.499997,-0.002863,0.622791
1.499997,-0.002863,0.622791,0.000000,0.152498,1.499986,-0.006369,0.640493
1.499986,-0.006369,0.640493,0.000000,0.159431,1.499969,-0.009571,0.647869
1.499969,-0.009571,0.647869,0.000000,0.167616,1.499980,-0.007655,0.721042
1.499980,-0.007655,0.721042,0.000000,0.174954,1.499973,-0.008970,0.764992
1.499973,-0.008970,0.764992,0.000000,0.180486,1.499954,-0.011762,0.783994
1.499954,-0.011762,0.783994,0.000000,0.185539,1.499931,-0.014415,0.792873
1.499931,-0.014415,0.792873,0.000000,0.190300,1.499907,-0.016662,0.796342
1.499907,-0.016662,0.796342,0.000000,0.195592,1.499935,-0.013928,0.867784
1.499935,-0.013928,0.867784,0.000000,0.199467,1.499929,-0.014610,0.910968
1.499929,-0.014610,0.910968,0.000000,0.201736,1.499904,-0.016935,0.929630
1.499904,-0.016935,0.929630,0.000000,0.202454,1.499876,-0.019253,0.938359
1.499876,-0.019253,0.938359,0.000000,0.203154,1.499849,-0.021264,0.941761
1.499849,-0.021264,0.941761,0.000000,0.203302,1.499828,-0.022730,0.943732
1.499828,-0.022730,0.943732,0.000000,0.203397,1.499810,-0.023876,0.944140
1.499810,-0.023876,0.944140,0.000000,0.203395,1.499798,-0.024623,0.944785
1.499798,-0.024623,0.944785,0.000000,0.202967,1.499788,-0.025219,0.944607
1.499788,-0.025219,0.944607,0.000000,0.202868,1.499782,-0.025564,0.944992
1.499782,-0.025564,0.944992,0.000000,0.201863,1.499777,-0.025874,0.944699
1.499777,-0.025874,0.944699,0.000000,0.201684,1.499774,-0.026018,0.945033
1.499774,-0.026018,0.945033,0.000000,0.200573,1.499771,-0.026187,0.944717
1.499771,-0.026187,0.944717,0.000000,0.199811,1.499771,-0.026233,0.945041
1.499771,-0.026233,0.945041,0.000000,0.198957,1.499769,-0.026335,0.944720
1.499769,-0.026335,0.944720,0.000000,0.197234,1.499769,-0.026335,0.945042
1.499769,-0.026335,0.945042,0.000000,0.196478,1.499768,-0.026405,0.944721
1.499768,-0.026405,0.944721,0.000000,0.193826,1.499768,-0.026384,0.945043
1.499768,-0.026384,0.945043,0.000000,0.192867,1.499767,-0.026439,0.944721
1.499767,-0.026439,0.944721,0.000000,0.189264,1.499675,-0.031247,0.863593
1.499675,-0.031247,0.863593,0.000000,0.189591,1.499677,-0.031110,0.828127
1.499677,-0.031110,0.828127,0.000000,0.189071,1.499708,-0.029594,0.811955
1.499708,-0.029594,0.811955,0.000000,0.192221,1.499817,-0.023458,0.874699
1.499817,-0.023458,0.874699,0.000000,0.191387,1.499770,-0.026282,0.832581
1.499770,-0.026282,0.832581,0.000000,0.193190,1.499838,-0.022044,0.883834
1.499838,-0.022044,0.883834,0.000000,0.191456,1.499780,-0.025692,0.836627
1.499780,-0.025692,0.836627,0.000000,0.192653,1.499841,-0.021807,0.885626
1.499841,-0.021807,0.885626,0.000000,0.190432,1.499781,-0.025604,0.837421
1.499781,-0.025604,0.837421,0.000000,0.191057,1.499772,-0.026145,0.816535
1.499772,-0.026145,0.816535,0.000000,0.189516,1.499780,-0.025702,0.806821
1.499780,-0.025702,0.806821,0.000000,0.191380,1.499793,-0.024937,0.802983
1.499793,-0.024937,0.802983,0.000000,0.190118,1.499803,-0.024308,0.800819
1.499803,-0.024308,0.800819,0.000000,0.191903,1.499845,-0.021547,0.835046
1.499845,-0.021547,0.835046,0.000000,0.189652,1.499819,-0.023317,0.815020
1.499819,-0.023317,0.815020,0.000000,0.190147,1.499814,-0.023641,0.806614
1.499814,-0.023641,0.806614,0.000000,0.187372,1.499815,-0.023569,0.802427
1.499815,-0.023569,0.802427,0.000000,0.188029,1.499819,-0.023289,0.801037
1.499819,-0.023289,0.801037,0.000000,0.184652,1.499822,-0.023096,0.799957
1.499822,-0.023096,0.799957,0.000000,0.184765,1.499826,-0.022861,0.799943
1.499826,-0.022861,0.799943,0.000000,0.184059,1.499827,-0.022756,0.799473
1.499827,-0.022756,0.799473,0.000000,0.179168,1.499830,-0.022608,0.799729
1.499830,-0.022608,0.799729,0.000000,0.176950,1.499830,-0.022573,0.799378
1.499830,-0.022573,0.799378,0.000000,0.170180,1.499832,-0.022478,0.799686
1.499832,-0.022478,0.799686,0.000000,0.166071,1.499832,-0.022482,0.799359
1.499832,-0.022482,0.799359,0.000000,0.157178,1.499752,-0.027256,0.718229
1.499752,-0.027256,0.718229,0.000000,0.152544,1.499755,-0.027095,0.682761
1.499755,-0.027095,0.682761,0.000000,0.145245,1.499782,-0.025562,0.666589
1.499782,-0.025562,0.666589,0.000000,0.141486,1.499811,-0.023780,0.659891
1.499811,-0.023780,0.659891,0.000000,0.133237,1.499834,-0.022333,0.656460
1.499834,-0.022333,0.656460,0.000000,0.127837,1.499775,-0.025981,0.573955
1.499775,-0.025981,0.573955,0.000000,0.119256,1.499792,-0.024990,0.537879
1.499792,-0.024990,0.537879,0.000000,0.115611,1.499826,-0.022862,0.521437
1.499826,-0.022862,0.521437,0.000000,0.107884,1.499858,-0.020659,0.514619
1.499858,-0.020659,0.514619,0.000000,0.103475,1.499881,-0.018919,0.511135
1.499881,-0.018919,0.511135,0.000000,0.094175,1.499833,-0.022364,0.428607
1.499833,-0.022364,0.428607,0.000000,0.089510,1.499850,-0.021232,0.392521
1.499850,-0.021232,0.392521,0.000000,0.082163,1.499880,-0.019007,0.376074
1.499880,-0.019007,0.376074,0.000000,0.078556,1.499907,-0.016738,0.369254
1.499907,-0.016738,0.369254,0.000000,0.070612,1.499925,-0.014951,0.365770
1.499925,-0.014951,0.365770,0.000000,0.065529,1.499939,-0.013524,0.364690
1.499939,-0.013524,0.364690,0.000000,0.056010,1.499905,-0.016920,0.294306
1.499905,-0.016920,0.294306,0.000000,0.050072,1.499907,-0.016737,0.251591
1.499907,-0.016737,0.251591,0.000000,0.042631,1.499927,-0.014774,0.233137
1.499927,-0.014774,0.233137,0.000000,0.038465,1.499946,-0.012714,0.224500
1.499946,-0.012714,0.224500,0.000000,0.031304,1.499918,-0.015723,0.139689
1.499918,-0.015723,0.139689,0.000000,0.027946,1.499933,-0.014198,0.102591
1.499933,-0.014198,0.102591,0.000000,0.023898,1.499955,-0.011661,0.085697
1.499955,-0.011661,0.085697,0.000000,0.022587,1.499972,-0.009158,0.078679
1.499972,-0.009158,0.078679,0.000000,0.019051,1.499983,-0.007203,0.075107
1.499983,-0.007203,0.075107,0.000000,0.017443,1.499989,-0.005656,0.073989
1.499989,-0.005656,0.073989,0.000000,0.013515,1.499993,-0.004604,0.073029
1.499993,-0.004604,0.073029,0.000000,0.011207,1.499995,-0.003785,0.073068
1.499995,-0.003785,0.073068,0.000000,0.006939,1.499996,-0.003280,0.072622
1.499996,-0.003280,0.072622,0.000000,0.003930,1.499997,-0.002859,0.072888
1.499997,-0.002859,0.072888,0.000000,-0.000389,1.499984,-0.007003,0.003100
1.499984,-0.007003,0.003100,0.000000,-0.002722,1.499982,-0.007358,-0.039352
1.499982,-0.007358,-0.039352,0.000000,-0.003036,1.499989,-0.005775,-0.057689
1.499989,-0.005775,-0.057689,0.000000,-0.001578,1.499995,-0.003981,-0.066274
1.499995,-0.003981,-0.066274,0.000000,0.000653,1.499999,0.002031,-0.000171
1.499999,0.002031,-0.000171,0.000000,0.002471,1.499995,0.003822,0.040649
1.499995,0.003822,0.040649,0.000000,0.002742,1.499996,0.003294,0.058264
1.499996,0.003294,0.058264,0.000000,0.001998,1.499998,0.002253,0.066529
1.499998,0.002253,0.066529,0.000000,0.002321,1.500000,0.001138,0.069726
1.500000,0.001138,0.069726,0.000000,0.001929,1.500000,0.000295,0.071605
1.500000,0.000295,0.071605,0.000000,0.003824,1.500000,-0.000419,0.071974
1.500000,-0.000419,0.071974,0.000000,0.004705,1.500000,-0.000867,0.072601
1.500000,-0.000867,0.072601,0.000000,0.005646,1.499999,-0.001258,0.072415
1.499999,-0.001258,0.072415,0.000000,0.011371,1.499999,-0.001462,0.072796
1.499999,-0.001462,0.072796,0.000000,0.014338,1.499999,-0.001674,0.072501
1.499999,-0.001674,0.072501,0.000000,0.022694,1.499999,-0.001751,0.072835
1.499999,-0.001751,0.072835,0.000000,0.028237,1.499999,-0.001875,0.072518
1.499999,-0.001875,0.072518,0.000000,0.039360,1.499998,0.002476,0.142284
1.499998,0.002476,0.142284,0.000000,0.049759,1.499997,0.002973,0.184726
1.499997,0.002973,0.184726,0.000000,0.056861,1.499999,0.001489,0.203059
1.499999,0.001489,0.203059,0.000000,0.066408,1.499994,0.004128,0.281085
1.499994,0.004128,0.281085,0.000000,0.073342,1.499997,0.003106,0.327184
1.499997,0.003106,0.327184,0.000000,0.080977,1.500000,0.000427,0.347138
1.500000,0.000427,0.347138,0.000000,0.086408,1.499998,-0.002189,0.356438
1.499998,-0.002189,0.356438,0.000000,0.094272,1.499993,-0.004428,0.360094
1.499993,-0.004428,0.360094,0.000000,0.101290,1.499999,-0.001697,0.431619
1.499999,-0.001697,0.431619,0.000000,0.109467,1.499998,-0.002384,0.474840
1.499998,-0.002384,0.474840,0.000000,0.114784,1.499993,-0.004713,0.493518
1.499993,-0.004713,0.493518,0.000000,0.120973,1.499984,-0.007035,0.502254
1.499984,-0.007035,0.502254,0.000000,0.126086,1.499973,-0.009050,0.505659
1.499973,-0.009050,0.505659,0.000000,0.132665,1.499987,-0.006153,0.577073
1.499987,-0.006153,0.577073,0.000000,0.137323,1.499985,-0.006723,0.620245
1.499985,-0.006723,0.620245,0.000000,0.140743,1.499973,-0.008969,0.638901
1.499973,-0.008969,0.638901,0.000000,0.142334,1.499958,-0.011233,0.647628
1.499958,-0.011233,0.647628,0.000000,0.144472,1.499942,-0.013208,0.651029
1.499942,-0.013208,0.651029,0.000000,0.145593,1.499928,-0.014649,0.652999
1.499928,-0.014649,0.652999,0.000000,0.147734,1.499917,-0.015777,0.653408
1.499917,-0.015777,0.653408,0.000000,0.148916,1.499909,-0.016512,0.654053
1.499909,-0.016512,0.654053,0.000000,0.151324,1.499903,-0.017100,0.653874
1.499903,-0.017100,0.653874,0.000000,0.152723,1.499899,-0.017439,0.654259
1.499899,-0.017439,0.654259,0.000000,0.155401,1.499895,-0.017745,0.653966
1.499895,-0.017745,0.653966,0.000000,0.157073,1.499893,-0.017886,0.654300
1.499893,-0.017886,0.654300,0.000000,0.159887,1.499891,-0.018054,0.653984
1.499891,-0.018054,0.653984,0.000000,0.161829,1.499937,-0.013734,0.723750
1.499937,-0.013734,0.723750,0.000000,0.163419,1.499941,-0.013257,0.766192
1.499941,-0.013257,0.766192,0.000000,0.161977,1.499927,-0.014755,0.784525
1.499927,-0.014755,0.784525,0.000000,0.159687,1.499848,-0.021332,0.711659
1.499848,-0.021332,0.711659,0.000000,0.158012,1.499827,-0.022754,0.679851
1.499827,-0.022754,0.679851,0.000000,0.158158,1.499832,-0.022461,0.665300
1.499832,-0.022461,0.665300,0.000000,0.158894,1.499845,-0.021597,0.659320
1.499845,-0.021597,0.659320,0.000000,0.159339,1.499856,-0.020810,0.656207
1.499856,-0.020810,0.656207,0.000000,0.160294,1.499918,-0.015719,0.724735
1.499918,-0.015719,0.724735,0.000000,0.158546,1.499873,-0.019502,0.685179
1.499873,-0.019502,0.685179,0.000000,0.157064,1.499861,-0.020394,0.668124
1.499861,-0.020394,0.668124,0.000000,0.154213,1.499862,-0.020351,0.660106
1.499862,-0.020351,0.660106,0.000000,0.153075,1.499868,-0.019932,0.657019
1.499868,-0.019932,0.657019,0.000000,0.149189,1.499872,-0.019571,0.655188
1.499872,-0.019571,0.655188,0.000000,0.146991,1.499877,-0.019191,0.654841
1.499877,-0.019191,0.654841,0.000000,0.141366,1.499880,-0.018972,0.654224
1.499880,-0.018972,0.654224,0.000000,0.137533,1.499883,-0.018740,0.654414
1.499883,-0.018740,0.654414,0.000000,0.133607,1.499884,-0.018644,0.654034
1.499884,-0.018644,0.654034,0.000000,0.123945,1.499818,-0.023347,0.572881
1.499818,-0.023347,0.572881,0.000000,0.119361,1.499822,-0.023137,0.537403
1.499822,-0.023137,0.537403,0.000000,0.111407,1.499845,-0.021570,0.521226
1.499845,-0.021570,0.521226,0.000000,0.107470,1.499870,-0.019764,0.514526
1.499870,-0.019764,0.514526,0.000000,0.098552,1.499888,-0.018300,0.511094
1.499888,-0.018300,0.511094,0.000000,0.092649,1.499840,-0.021937,0.428589
1.499840,-0.021937,0.428589,0.000000,0.083343,1.499854,-0.020938,0.392512
1.499854,-0.020938,0.392512,0.000000,0.078960,1.499882,-0.018805,0.376071
1.499882,-0.018805,0.376071,0.000000,0.070445,1.499908,-0.016599,0.369253
1.499908,-0.016599,0.369253,0.000000,0.065004,1.499926,-0.014856,0.365769
1.499926,-0.014856,0.365769,0.000000,0.054761,1.499888,-0.018299,0.283241
1.499888,-0.018299,0.283241,0.000000,0.050970,1.499902,-0.017166,0.247154
1.499902,-0.017166,0.247154,0.000000,0.042522,1.499926,-0.014940,0.230708
1.499926,-0.014940,0.230708,0.000000,0.037646,1.499946,-0.012670,0.223888
1.499946,-0.012670,0.223888,0.000000,0.028878,1.499922,-0.015249,0.150961
1.499922,-0.015249,0.150961,0.000000,0.023823,1.499931,-0.014398,0.107120
1.499931,-0.014398,0.107120,0.000000,0.017593,1.499953,-0.011931,0.088167
1.499953,-0.011931,0.088167,0.000000,0.014764,1.499970,-0.009503,0.079309
1.499970,-0.009503,0.079309,0.000000,0.009048,1.499982,-0.007410,0.075850
1.499982,-0.007410,0.075850,0.000000,0.005568,1.499988,-0.005885,0.073854
1.499988,-0.005885,0.073854,0.000000,-0.000789,1.499970,-0.009540,-0.008016
1.499970,-0.009540,-0.008016,0.000000,-0.003586,1.499975,-0.008580,-0.043811
1.499975,-0.008580,-0.043811,0.000000,-0.006367,1.499986,-0.006485,-0.060128
1.499986,-0.006485,-0.060128,0.000000,-0.008156,1.499994,-0.004310,-0.066891
1.499994,-0.004310,-0.066891,0.000000,-0.008293,1.499998,-0.002591,-0.070350
1.499998,-0.002591,-0.070350,0.000000,-0.009648,1.500000,-0.001210,-0.071418
1.500000,-0.001210,-0.071418,0.000000,-0.009753,1.500000,-0.000274,-0.072355
1.500000,-0.000274,-0.072355,0.000000,-0.010961,1.500000,0.000464,-0.072306
1.500000,0.000464,-0.072306,0.000000,-0.011108,1.500000,0.000912,-0.072748
1.500000,0.000912,-0.072748,0.000000,-0.012094,1.499999,0.001295,-0.072480
1.499999,0.001295,-0.072480,0.000000,-0.012206,1.499999,0.001490,-0.072825
1.499999,0.001490,-0.072825,0.000000,-0.012840,1.499999,0.001695,-0.072514
1.499999,0.001695,-0.072514,0.000000,-0.012802,1.499999,0.001766,-0.072840
1.499999,0.001766,-0.072840,0.000000,-0.012946,1.499999,0.001885,-0.072521
1.499999,0.001885,-0.072521,0.000000,-0.012622,1.499999,0.001897,-0.072843
1.499999,0.001897,-0.072843,0.000000,-0.012138,1.499999,0.001975,-0.072522
1.499999,0.001975,-0.072522,0.000000,-0.011369,1.499999,0.001959,-0.072844
1.499999,0.001959,-0.072844,0.000000,-0.010117,1.499999,0.002017,-0.072522
1.499999,0.002017,-0.072522,0.000000,-0.008718,1.499999,0.001988,-0.072844
1.499999,0.001988,-0.072844,0.000000,-0.006554,1.499999,0.002037,-0.072522
1.499999,0.002037,-0.072522,0.000000,-0.004308,1.499999,0.002002,-0.072844
1.499999,0.002002,-0.072844,0.000000,-0.001087,1.499999,0.002047,-0.072522
1.499999,0.002047,-0.072522,0.000000,0.002257,1.499984,0.006849,0.008605
1.499984,0.006849,0.008605,0.000000,0.004863,1.499985,0.006708,0.044072
1.499985,0.006708,0.044072,0.000000,0.005198,1.499991,0.005189,0.060244
1.499991,0.005189,0.060244,0.000000,0.005834,1.499996,0.003415,0.066942
1.499996,0.003415,0.066942,0.000000,0.005597,1.499999,0.001975,0.070372
1.499999,0.001975,0.070372,0.000000,0.006898,1.500000,0.000786,0.071428
1.500000,0.000786,0.071428,0.000000,0.007331,1.500000,-0.000017,0.072359
1.500000,-0.000017,0.072359,0.000000,0.009970,1.500000,-0.000664,0.072308
1.500000,-0.000664,0.072308,0.000000,0.011589,1.500000,-0.001050,0.072749
1.500000,-0.001050,0.072749,0.000000,0.015902,1.499999,-0.001389,0.072480
1.499999,-0.001389,0.072480,0.000000,0.019159,1.499999,-0.001555,0.072825
1.499999,-0.001555,0.072825,0.000000,0.025432,1.499999,-0.001739,0.072514
1.499999,-0.001739,0.072514,0.000000,0.030834,1.499999,-0.001797,0.072840
1.499999,-0.001797,0.072840,0.000000,0.039330,1.499997,0.002935,0.153970
1.499997,0.002935,0.153970,0.000000,0.045581,1.499997,0.002745,0.189438
1.499997,0.002745,0.189438,0.000000,0.052402,1.500000,0.001193,0.205610
1.500000,0.001193,0.205610,0.000000,0.058161,1.500000,-0.000604,0.212308
1.500000,-0.000604,0.212308,0.000000,0.066208,1.499998,0.002305,0.285181
1.499998,0.002305,0.285181,0.000000,0.072715,1.499999,0.001684,0.328999
1.499999,0.001684,0.328999,0.000000,0.079522,1.500000,-0.000626,0.347941
1.500000,-0.000626,0.347941,0.000000,0.084463,1.499997,-0.002945,0.356794
1.499997,-0.002945,0.356794,0.000000,0.092103,1.499992,-0.004962,0.360251
1.499992,-0.004962,0.360251,0.000000,0.098494,1.499999,-0.002070,0.431689
1.499999,-0.002070,0.431689,0.000000,0.106889,1.499998,-0.002643,0.474871
1.499998,-0.002643,0.474871,0.000000,0.111698,1.499992,-0.004893,0.493531
1.499992,-0.004893,0.493531,0.000000,0.118377,1.499983,-0.007159,0.502260
1.499983,-0.007159,0.502260,0.000000,0.123585,1.499972,-0.009135,0.505662
1.499972,-0.009135,0.505662,0.000000,0.131175,1.499987,-0.006212,0.577074
1.499987,-0.006212,0.577074,0.000000,0.137034,1.499985,-0.006763,0.620246
1.499985,-0.006763,0.620246,0.000000,0.142136,1.499973,-0.008997,0.638902
1.499973,-0.008997,0.638902,0.000000,0.146329,1.499958,-0.011252,0.647628
1.499958,-0.011252,0.647628,0.000000,0.151071,1.499942,-0.013221,0.651029
1.499942,-0.013221,0.651029,0.000000,0.156058,1.499928,-0.014658,0.652999
1.499928,-0.014658,0.652999,0.000000,0.161826,1.499960,-0.010942,0.734857
1.499960,-0.010942,0.734857,0.000000,0.166553,1.499953,-0.011859,0.770647
1.499953,-0.011859,0.770647,0.000000,0.168695,1.499935,-0.013925,0.786962
1.499935,-0.013925,0.786962,0.000000,0.170252,1.499914,-0.016080,0.793724
1.499914,-0.016080,0.793724,0.000000,0.172060,1.499895,-0.017784,0.797182
1.499895,-0.017784,0.797182,0.000000,0.172951,1.499878,-0.019155,0.798250
1.499878,-0.019155,0.798250,0.000000,0.175351,1.499866,-0.020085,0.799187
1.499866,-0.020085,0.799187,0.000000,0.176653,1.499856,-0.020818,0.799138
1.499856,-0.020818,0.799138,0.000000,0.179620,1.499849,-0.021264,0.799580
1.499849,-0.021264,0.799580,0.000000,0.181547,1.499844,-0.021644,0.799312
1.499844,-0.021644,0.799312,0.000000,0.185288,1.499841,-0.021838,0.799657
1.499841,-0.021838,0.799657,0.000000,0.187880,1.499838,-0.022041,0.799346
1.499838,-0.022041,0.799346,0.000000,0.192494,1.499895,-0.017747,0.869115
1.499895,-0.017747,0.869115,0.000000,0.194503,1.499900,-0.017287,0.911557
1.499900,-0.017287,0.911557,0.000000,0.196435,1.499882,-0.018798,0.929891
1.499882,-0.018798,0.929891,0.000000,0.195420,1.499859,-0.020542,0.938475
1.499859,-0.020542,0.938475,0.000000,0.196080,1.499836,-0.022154,0.941812
1.499836,-0.022154,0.941812,0.000000,0.194543,1.499818,-0.023344,0.943754
1.499818,-0.023344,0.943754,0.000000,0.194913,1.499803,-0.024298,0.944151
1.499803,-0.024298,0.944151,0.000000,0.193303,1.499793,-0.024913,0.944790
1.499793,-0.024913,0.944790,0.000000,0.193509,1.499785,-0.025418,0.944609
1.499785,-0.025418,0.944609,0.000000,0.191951,1.499736,-0.028121,0.904268
1.499736,-0.028121,0.904268,0.000000,0.192784,1.499777,-0.025876,0.927127
1.499777,-0.025876,0.927127,0.000000,0.192303,1.499786,-0.025343,0.936786
1.499786,-0.025343,0.936786,0.000000,0.192476,1.499786,-0.025323,0.941528
1.499786,-0.025323,0.941528,0.000000,0.191135,1.499701,-0.029929,0.873723
1.499701,-0.029929,0.873723,0.000000,0.191667,1.499686,-0.030684,0.832149
1.499686,-0.030684,0.832149,0.000000,0.193430,1.499791,-0.025048,0.883643
1.499791,-0.025048,0.883643,0.000000,0.196170,1.499825,-0.022906,0.917992
1.499825,-0.022906,0.917992,0.000000,0.196003,1.499825,-0.022923,0.932741
1.499825,-0.022923,0.932741,0.000000,0.195989,1.499816,-0.023494,0.939737
1.499816,-0.023494,0.939737,0.000000,0.194286,1.499804,-0.024233,0.942371
1.499804,-0.024233,0.942371,0.000000,0.193711,1.499795,-0.024794,0.944002
1.499795,-0.024794,0.944002,0.000000,0.191302,1.499707,-0.029669,0.874818
1.499707,-0.029669,0.874818,0.000000,0.191697,1.499689,-0.030551,0.832634
1.499689,-0.030551,0.832634,0.000000,0.192881,1.499792,-0.024977,0.883857
1.499792,-0.024977,0.883857,0.000000,0.194898,1.499826,-0.022866,0.918087
1.499826,-0.022866,0.918087,0.000000,0.194625,1.499825,-0.022900,0.932783
1.499825,-0.022900,0.932783,0.000000,0.193001,1.499816,-0.023479,0.939755
1.499816,-0.023479,0.939755,0.000000,0.191587,1.499728,-0.028589,0.872937
1.499728,-0.028589,0.872937,0.000000,0.189530,1.499705,-0.029731,0.831801
1.499705,-0.029731,0.831801,0.000000,0.191418,1.499725,-0.028744,0.814046
1.499725,-0.028744,0.814046,0.000000,0.191996,1.499792,-0.024963,0.846444
1.499792,-0.024963,0.846444,0.000000,0.194395,1.499849,-0.021297,0.901517
1.499849,-0.021297,0.901517,0.000000,0.192207,1.499851,-0.021132,0.925444
1.499851,-0.021132,0.925444,0.000000,0.190420,1.499761,-0.026800,0.855056
1.499761,-0.026800,0.855056,0.000000,0.186550,1.499744,-0.027701,0.824346
1.499744,-0.027701,0.824346,0.000000,0.186295,1.499755,-0.027096,0.810280
1.499755,-0.027096,0.810280,0.000000,0.183435,1.499774,-0.026038,0.804515
1.499774,-0.026038,0.804515,0.000000,0.183049,1.499790,-0.025128,0.801498
1.499790,-0.025128,0.801498,0.000000,0.178968,1.499803,-0.024321,0.800625
1.499803,-0.024321,0.800625,0.000000,0.177398,1.499811,-0.023786,0.799775
1.499811,-0.023786,0.799775,0.000000,0.171433,1.499819,-0.023328,0.799862
1.499819,-0.023328,0.799862,0.000000,0.168147,1.499823,-0.023073,0.799437
1.499823,-0.023073,0.799437,0.000000,0.159784,1.499745,-0.027664,0.718263
1.499745,-0.027664,0.718263,0.000000,0.155895,1.499750,-0.027377,0.682777
1.499750,-0.027377,0.682777,0.000000,0.148389,1.499779,-0.025757,0.666596
1.499779,-0.025757,0.666596,0.000000,0.144849,1.499809,-0.023913,0.659894
1.499809,-0.023913,0.659894,0.000000,0.135127,1.499832,-0.022425,0.656461
1.499832,-0.022425,0.656461,0.000000,0.128821,1.499850,-0.021203,0.655405
1.499850,-0.021203,0.655405,0.000000,0.115168,1.499796,-0.024742,0.585031
1.499796,-0.024742,0.585031,0.000000,0.105754,1.499797,-0.024657,0.542320
1.499797,-0.024657,0.542320,0.000000,0.090898,1.499746,-0.027603,0.442419
1.499746,-0.027603,0.442419,0.000000,0.081701,1.499785,-0.025405,0.398637
1.499785,-0.025405,0.398637,0.000000,0.066970,1.499837,-0.022127,0.378783
1.499837,-0.022127,0.378783,0.000000,0.056572,1.499811,-0.023833,0.289005
1.499811,-0.023833,0.289005,0.000000,0.046376,1.499850,-0.021206,0.249707
1.499850,-0.021206,0.249707,0.000000,0.028901,1.499836,-0.022185,0.162396
1.499836,-0.022185,0.162396,0.000000,0.017791,1.499871,-0.019638,0.112184
1.499871,-0.019638,0.112184,0.000000,0.000441,1.499917,-0.015739,0.090410
1.499917,-0.015739,0.090410,0.000000,-0.012001,1.499908,-0.016576,0.010860
1.499908,-0.016576,0.010860,0.000000,-0.031098,1.499932,-0.014254,-0.035915
1.499932,-0.014254,-0.035915,0.000000,-0.044749,1.499920,-0.015494,-0.137616
1.499920,-0.015494,-0.137616,0.000000,-0.062933,1.499952,-0.012050,-0.182195
1.499952,-0.012050,-0.182195,0.000000,-0.075832,1.499950,-0.012248,-0.271844
1.499950,-0.012248,-0.271844,0.000000,-0.093378,1.499973,-0.009067,-0.323092
1.499973,-0.009067,-0.323092,0.000000,-0.105590,1.499970,-0.009530,-0.426774
1.499970,-0.009530,-0.426774,0.000000,-0.120666,1.499990,-0.005470,-0.472230
1.499990,-0.005470,-0.472230,0.000000,-0.136291,1.499991,-0.005209,-0.562268
1.499991,-0.005209,-0.562268,0.000000,-0.144762,1.499999,-0.001696,-0.613688
1.499999,-0.001696,-0.613688,0.000000,-0.157441,1.499997,0.002916,-0.635997
1.499997,0.002916,-0.635997,0.000000,-0.165971,1.499998,0.002591,-0.715784
1.499998,0.002591,-0.715784,0.000000,-0.177590,1.499991,0.005275,-0.762664
1.499991,0.005275,-0.762664,0.000000,-0.184992,1.499972,0.009128,-0.782962
1.499972,0.009128,-0.782962,0.000000,-0.195130,1.499978,0.008198,-0.861858
1.499978,0.008198,-0.861858,0.000000,-0.200775,1.499964,0.010429,-0.908344
1.499964,0.010429,-0.908344,0.000000,-0.207360,1.499935,0.013955,-0.928468
1.499935,0.013955,-0.928468,0.000000,-0.210620,1.499902,0.017158,-0.937844
1.499902,0.017158,-0.937844,0.000000,-0.212656,1.499869,0.019805,-0.941533
1.499869,0.019805,-0.941533,0.000000,-0.214794,1.499843,0.021719,-0.943631
1.499843,0.021719,-0.943631,0.000000,-0.214026,1.499821,0.023177,-0.944096
1.499821,0.023177,-0.944096,0.000000,-0.214701,1.499806,0.024141,-0.944766
1.499806,0.024141,-0.944766,0.000000,-0.211207,1.499794,0.024887,-0.944598
1.499794,0.024887,-0.944598,0.000000,-0.210254,1.499786,0.025336,-0.944988
1.499786,0.025336,-0.944988,0.000000,-0.203896,1.499780,0.025717,-0.944697
1.499780,0.025717,-0.944697,0.000000,-0.200879,1.499776,0.025910,-0.945032
1.499776,0.025910,-0.945032,0.000000,-0.191399,1.499690,0.030478,-0.875274
1.499690,0.030478,-0.875274,0.000000,-0.186757,1.499677,0.031125,-0.832836
1.499677,0.031125,-0.832836,0.000000,-0.177236,1.499705,0.029745,-0.814505
1.499705,0.029745,-0.814505,0.000000,-0.172657,1.499737,0.028089,-0.805922
1.499737,0.028089,-0.805922,0.000000,-0.160711,1.499765,0.026538,-0.802585
1.499765,0.026538,-0.802585,0.000000,-0.152551,1.499705,0.029755,-0.731201
1.499705,0.029755,-0.731201,0.000000,-0.137013,1.499712,0.029408,-0.688042
1.499712,0.029408,-0.688042,0.000000,-0.127542,1.499655,0.032154,-0.587943
1.499655,0.032154,-0.587943,0.000000,-0.111265,1.499704,0.029812,-0.544074
1.499704,0.029812,-0.544074,0.000000,-0.102046,1.499767,0.026431,-0.524181
1.499767,0.026431,-0.524181,0.000000,-0.083089,1.499737,0.028065,-0.434385
1.499737,0.028065,-0.434385,0.000000,-0.071668,1.499785,0.025387,-0.395079
1.499785,0.025387,-0.395079,0.000000,-0.051304,1.499769,0.026331,-0.307765
1.499769,0.026331,-0.307765,0.000000,-0.038765,1.499812,0.023760,-0.257552
1.499812,0.023760,-0.257552,0.000000,-0.018005,1.499797,0.024685,-0.154327
1.499797,0.024685,-0.154327,0.000000,-0.005882,1.499854,0.020961,-0.109074
1.499854,0.020961,-0.109074,0.000000,0.014058,1.499854,0.020939,-0.019126
1.499854,0.020939,-0.019126,0.000000,0.026377,1.499897,0.017594,0.032254
1.499897,0.017594,0.032254,0.000000,0.045402,1.499893,0.017940,0.135995
1.499893,0.017940,0.135995,0.000000,0.056545,1.499937,0.013797,0.181477
1.499937,0.013797,0.181477,0.000000,0.073412,1.499939,0.013478,0.271526
1.499939,0.013478,0.271526,0.000000,0.083818,1.499967,0.009924,0.322951
1.499967,0.009924,0.322951,0.000000,0.098453,1.499966,0.010125,0.426712
1.499966,0.010125,0.426712,0.000000,0.106576,1.499988,0.005881,0.472202
1.499988,0.005881,0.472202,0.000000,0.117768,1.500000,0.001127,0.492814
1.500000,0.001127,0.492814,0.000000,0.125122,1.499997,-0.003052,0.501478
1.499997,-0.003052,0.501478,0.000000,0.136505,1.499999,-0.001861,0.575222
1.499999,-0.001861,0.575222,0.000000,0.144846,1.499995,-0.003699,0.619425
1.499995,-0.003699,0.619425,0.000000,0.153755,1.499984,-0.006859,0.638538
1.499984,-0.006859,0.638538,0.000000,0.160947,1.499990,-0.005404,0.716909
1.499990,-0.005404,0.716909,0.000000,0.168088,1.499982,-0.007253,0.763162
1.499982,-0.007253,0.763162,0.000000,0.173076,1.499963,-0.010507,0.783183
1.499963,-0.010507,0.783183,0.000000,0.177489,1.499939,-0.013519,0.792514
1.499939,-0.013519,0.792514,0.000000,0.181884,1.499914,-0.016032,0.796183
1.499914,-0.016032,0.796183,0.000000,0.186374,1.499894,-0.017854,0.798271
1.499894,-0.017854,0.798271,0.000000,0.191315,1.499876,-0.019249,0.798732
1.499876,-0.019249,0.798732,0.000000,0.196261,1.499917,-0.015804,0.868843
1.499917,-0.015804,0.868843,0.000000,0.200687,1.499915,-0.015942,0.911437
1.499915,-0.015942,0.911437,0.000000,0.202508,1.499894,-0.017869,0.929838
1.499894,-0.017869,0.929838,0.000000,0.202532,1.499868,-0.019902,0.938451
1.499868,-0.019902,0.938451,0.000000,0.204100,1.499843,-0.021714,0.941802
1.499843,-0.021714,0.941802,0.000000,0.203548,1.499823,-0.023041,0.943750
1.499823,-0.023041,0.943750,0.000000,0.204488,1.499807,-0.024090,0.944148
1.499807,-0.024090,0.944148,0.000000,0.203775,1.499795,-0.024770,0.944789
1.499795,-0.024770,0.944789,0.000000,0.204183,1.499786,-0.025320,0.944609
1.499786,-0.025320,0.944609,0.000000,0.203361,1.499781,-0.025634,0.944993
1.499781,-0.025634,0.944993,0.000000,0.203203,1.499776,-0.025922,0.944699
1.499776,-0.025922,0.944699,0.000000,0.202208,1.499774,-0.026051,0.945033
1.499774,-0.026051,0.945033,0.000000,0.201520,1.499771,-0.026209,0.944717
1.499771,-0.026209,0.944717,0.000000,0.200795,1.499770,-0.026249,0.945041
1.499770,-0.026249,0.945041,0.000000,0.199115,1.499769,-0.026346,0.944720
1.499769,-0.026346,0.944720,0.000000,0.198495,1.499769,-0.026343,0.945042
1.499769,-0.026343,0.945042,0.000000,0.195857,1.499767,-0.026410,0.944721
1.499767,-0.026410,0.944721,0.000000,0.195037,1.499768,-0.026387,0.945043
1.499768,-0.026387,0.945043,0.000000,0.191417,1.499684,-0.030805,0.875279
1.499684,-0.030805,0.875279,0.000000,0.191336,1.499672,-0.031350,0.832838
1.499672,-0.031350,0.832838,0.000000,0.190440,1.499702,-0.029899,0.814506
1.499702,-0.029899,0.814506,0.000000,0.193610,1.499818,-0.023355,0.887372
1.499818,-0.023355,0.887372,0.000000,0.192073,1.499806,-0.024138,0.884458
1.499806,-0.024138,0.884458,0.000000,0.192424,1.499834,-0.022315,0.918353
1.499834,-0.022315,0.918353,0.000000,0.188689,1.499759,-0.026897,0.863458
1.499759,-0.026897,0.863458,0.000000,0.188167,1.499735,-0.028174,0.827603
1.499735,-0.028174,0.827603,0.000000,0.186220,1.499748,-0.027501,0.812187
1.499748,-0.027501,0.812187,0.000000,0.188008,1.499767,-0.026452,0.804896
1.499767,-0.026452,0.804896,0.000000,0.186944,1.499785,-0.025371,0.802130
1.499785,-0.025371,0.802130,0.000000,0.188882,1.499799,-0.024570,0.800442
1.499799,-0.024570,0.800442,0.000000,0.187624,1.499810,-0.023894,0.800158
1.499810,-0.023894,0.800158,0.000000,0.189275,1.499816,-0.023474,0.799568
1.499816,-0.023474,0.799568,0.000000,0.187527,1.499822,-0.023105,0.799771
1.499822,-0.023105,0.799771,0.000000,0.188781,1.499825,-0.022916,0.799396
1.499825,-0.022916,0.799396,0.000000,0.186347,1.499828,-0.022715,0.799695
1.499828,-0.022715,0.799695,0.000000,0.187134,1.499829,-0.022645,0.799363
1.499829,-0.022645,0.799363,0.000000,0.183810,1.499831,-0.022527,0.799680
1.499831,-0.022527,0.799680,0.000000,0.183939,1.499831,-0.022516,0.799356
1.499831,-0.022516,0.799356,0.000000,0.179362,1.499832,-0.022438,0.799677
1.499832,-0.022438,0.799677,0.000000,0.178326,1.499832,-0.022454,0.799355
1.499832,-0.022454,0.799355,0.000000,0.172050,1.499833,-0.022396,0.799676
1.499833,-0.022396,0.799676,0.000000,0.169268,1.499832,-0.022425,0.799355
1.499832,-0.022425,0.799355,0.000000,0.161038,1.499833,-0.022376,0.799676
1.499833,-0.022376,0.799676,0.000000,0.156139,1.499761,-0.026777,0.729913
1.499761,-0.026777,0.729913,0.000000,0.150794,1.499751,-0.027309,0.687472
1.499751,-0.027309,0.687472,0.000000,0.143122,1.499777,-0.025850,0.669139
1.499777,-0.025850,0.669139,0.000000,0.139060,1.499806,-0.024140,0.660556
1.499806,-0.024140,0.660556,0.000000,0.130645,1.499830,-0.022551,0.657219
1.499830,-0.022551,0.657219,0.000000,0.124981,1.499779,-0.025743,0.585834
1.499779,-0.025743,0.585834,0.000000,0.115705,1.499785,-0.025378,0.542676
1.499785,-0.025378,0.542676,0.000000,0.111372,1.499819,-0.023272,0.524026
1.499819,-0.023272,0.524026,0.000000,0.103429,1.499852,-0.021105,0.515302
1.499852,-0.021105,0.515302,0.000000,0.098490,1.499877,-0.019198,0.511902
1.499877,-0.019198,0.511902,0.000000,0.089055,1.499836,-0.022167,0.440490
1.499836,-0.022167,0.440490,0.000000,0.083260,1.499844,-0.021649,0.397319
1.499844,-0.021649,0.397319,0.000000,0.075443,1.499874,-0.019437,0.378663
1.499874,-0.019437,0.378663,0.000000,0.071097,1.499901,-0.017197,0.369937
1.499901,-0.017197,0.369937,0.000000,0.062919,1.499866,-0.020080,0.285087
1.499866,-0.020080,0.285087,0.000000,0.058946,1.499886,-0.018466,0.247972
1.499886,-0.018466,0.247972,0.000000,0.053313,1.499916,-0.015867,0.231070
1.499916,-0.015867,0.231070,0.000000,0.050929,1.499941,-0.013321,0.224048
1.499941,-0.013321,0.224048,0.000000,0.045327,1.499957,-0.011337,0.220474
1.499957,-0.011337,0.220474,0.000000,0.042135,1.499968,-0.009770,0.219355
1.499968,-0.009770,0.219355,0.000000,0.035566,1.499975,-0.008703,0.218396
1.499975,-0.008703,0.218396,0.000000,0.030927,1.499946,-0.012716,0.136986
1.499946,-0.012716,0.136986,0.000000,0.024970,1.499952,-0.012020,0.101394
1.499952,-0.012020,0.101394,0.000000,0.022948,1.499966,-0.010116,0.085167
1.499966,-0.010116,0.085167,0.000000,0.019135,1.499978,-0.008075,0.078444
1.499978,-0.008075,0.078444,0.000000,0.017475,1.499986,-0.006450,0.075003
1.499986,-0.006450,0.075003,0.000000,0.013539,1.499991,-0.005135,0.073942
1.499991,-0.005135,0.073942,0.000000,0.011284,1.499994,-0.004244,0.073009
1.499994,-0.004244,0.073009,0.000000,0.007033,1.499996,-0.003537,0.073059
1.499996,-0.003537,0.073059,0.000000,0.004085,1.499997,-0.003110,0.072618
1.499997,-0.003110,0.072618,0.000000,-0.000225,1.499981,-0.007583,-0.008563
1.499981,-0.007583,-0.008563,0.000000,-0.001900,1.499983,-0.007213,-0.044053
1.499983,-0.007213,-0.044053,0.000000,-0.001790,1.499990,-0.005537,-0.060235
1.499990,-0.005537,-0.060235,0.000000,-0.000062,1.499999,-0.001472,-0.032217
1.499999,-0.001472,-0.032217,0.000000,0.001766,1.499997,0.002753,0.026456
1.499997,0.002753,0.026456,0.000000,0.002175,1.499997,0.003152,0.051978
1.499997,0.003152,0.051978,0.000000,0.001761,1.499998,0.002417,0.063745
1.499998,0.002417,0.063745,0.000000,0.000678,1.499999,0.001367,0.068493
1.499999,0.001367,0.068493,0.000000,0.000860,1.500000,0.000503,0.071059
1.500000,0.000503,0.071059,0.000000,0.000336,1.500000,-0.000253,0.071732
1.500000,-0.000253,0.071732,0.000000,0.002208,1.500000,-0.000743,0.072494
1.500000,-0.000743,0.072494,0.000000,0.003003,1.500000,-0.001168,0.072367
1.500000,-0.001168,0.072367,0.000000,0.006998,1.499999,-0.001398,0.072775
1.499999,-0.001398,0.072775,0.000000,0.009639,1.499999,-0.001630,0.072492
1.499999,-0.001630,0.072492,0.000000,0.016012,1.499999,-0.001721,0.072831
1.499999,-0.001721,0.072831,0.000000,0.021011,1.499999,-0.001853,0.072516
1.499999,-0.001853,0.072516,0.000000,0.029973,1.499999,-0.001875,0.072841
1.499999,-0.001875,0.072841,0.000000,0.037823,1.499997,0.002881,0.153971
1.499997,0.002881,0.153971,0.000000,0.047810,1.499998,0.002708,0.189438
1.499998,0.002708,0.189438,0.000000,0.054528,1.500000,0.001167,0.205610
1.500000,0.001167,0.205610,0.000000,0.064158,1.499994,0.004220,0.293757
1.499994,0.004220,0.293757,0.000000,0.070353,1.499998,0.002585,0.332333
1.499998,0.002585,0.332333,0.000000,0.077794,1.500000,-0.000090,0.349882
1.500000,-0.000090,0.349882,0.000000,0.082960,1.499998,-0.002714,0.357190
1.499998,-0.002714,0.357190,0.000000,0.090909,1.499992,-0.004764,0.360891
1.499992,-0.004764,0.360891,0.000000,0.097791,1.499999,-0.001541,0.443515
1.499999,-0.001541,0.443515,0.000000,0.105564,1.499997,-0.002829,0.479644
1.499997,-0.002829,0.479644,0.000000,0.110334,1.499991,-0.005163,0.496110
1.499991,-0.005163,0.496110,0.000000,0.116609,1.499981,-0.007509,0.502938
1.499981,-0.007509,0.502938,0.000000,0.121399,1.499971,-0.009347,0.506426
1.499971,-0.009347,0.506426,0.000000,0.128203,1.499988,-0.005970,0.588956
1.499988,-0.005970,0.588956,0.000000,0.132002,1.499983,-0.007148,0.625044
1.499983,-0.007148,0.625044,0.000000,0.135277,1.499971,-0.009405,0.641491
1.499971,-0.009405,0.641491,0.000000,0.136403,1.499954,-0.011697,0.648311
1.499954,-0.011697,0.648311,0.000000,0.138643,1.499939,-0.013498,0.651795
1.499939,-0.013498,0.651795,0.000000,0.139380,1.499926,-0.014937,0.652875
1.499926,-0.014937,0.652875,0.000000,0.141697,1.499916,-0.015913,0.653817
1.499916,-0.015913,0.653817,0.000000,0.142511,1.499907,-0.016678,0.653770
1.499907,-0.016678,0.653770,0.000000,0.145144,1.499902,-0.017146,0.654213
1.499902,-0.017146,0.654213,0.000000,0.146185,1.499897,-0.017542,0.653945
1.499897,-0.017542,0.653945,0.000000,0.149131,1.499895,-0.017746,0.654291
1.499895,-0.017746,0.654291,0.000000,0.150461,1.499893,-0.017957,0.653980
1.499893,-0.017957,0.653980,0.000000,0.153584,1.499892,-0.018032,0.654306
1.499892,-0.018032,0.654306,0.000000,0.155204,1.499890,-0.018154,0.653987
1.499890,-0.018154,0.653987,0.000000,0.158296,1.499890,-0.018168,0.654309
1.499890,-0.018168,0.654309,0.000000,0.160247,1.499940,-0.013407,0.735437
1.499940,-0.013407,0.735437,0.000000,0.161270,1.499939,-0.013576,0.770904
1.499939,-0.013576,0.770904,0.000000,0.159364,1.499867,-0.019955,0.705626
1.499867,-0.019955,0.705626,0.000000,0.158390,1.499845,-0.021557,0.677180
1.499845,-0.021557,0.677180,0.000000,0.158695,1.499846,-0.021528,0.664117
1.499846,-0.021528,0.664117,0.000000,0.159234,1.499854,-0.020907,0.658796
1.499854,-0.020907,0.658796,0.000000,0.160293,1.499920,-0.015474,0.737424
1.499920,-0.015474,0.737424,0.000000,0.158238,1.499874,-0.019443,0.702342
1.499874,-0.019443,0.702342,0.000000,0.155949,1.499851,-0.021125,0.675261
1.499851,-0.021125,0.675261,0.000000,0.152863,1.499852,-0.021095,0.663731
1.499852,-0.021095,0.663731,0.000000,0.151566,1.499858,-0.020650,0.658161
1.499858,-0.020650,0.658161,0.000000,0.147711,1.499866,-0.020055,0.656158
1.499866,-0.020055,0.656158,0.000000,0.145447,1.499872,-0.019620,0.654807
1.499872,-0.019620,0.654807,0.000000,0.139837,1.499877,-0.019209,0.654672
1.499877,-0.019209,0.654672,0.000000,0.135905,1.499880,-0.018977,0.654149
1.499880,-0.018977,0.654149,0.000000,0.128170,1.499883,-0.018740,0.654381
1.499883,-0.018740,0.654381,0.000000,0.122097,1.499824,-0.023008,0.584578
1.499824,-0.023008,0.584578,0.000000,0.113146,1.499817,-0.023448,0.542119
1.499817,-0.023448,0.542119,0.000000,0.108308,1.499840,-0.021924,0.523779
1.499840,-0.021924,0.523779,0.000000,0.100340,1.499864,-0.020169,0.515192
1.499864,-0.020169,0.515192,0.000000,0.094786,1.499818,-0.023391,0.430404
1.499818,-0.023391,0.430404,0.000000,0.086708,1.499838,-0.022012,0.393316
1.499838,-0.022012,0.393316,0.000000,0.083116,1.499872,-0.019576,0.376427
1.499872,-0.019576,0.376427,0.000000,0.075807,1.499902,-0.017143,0.369410
1.499902,-0.017143,0.369410,0.000000,0.071465,1.499923,-0.015236,0.365839
1.499923,-0.015236,0.365839,0.000000,0.062418,1.499885,-0.018563,0.283272
1.499885,-0.018563,0.283272,0.000000,0.057799,1.499900,-0.017348,0.247168
1.499900,-0.017348,0.247168,0.000000,0.052783,1.499924,-0.015066,0.230714
1.499924,-0.015066,0.230714,0.000000,0.049396,1.499946,-0.012757,0.223890
1.499946,-0.012757,0.223890,0.000000,0.041756,1.499960,-0.010943,0.220404
1.499960,-0.010943,0.220404,0.000000,0.037062,1.499970,-0.009496,0.219325
1.499970,-0.009496,0.219325,0.000000,0.028090,1.499945,-0.012879,0.148940
1.499945,-0.012879,0.148940,0.000000,0.022719,1.499946,-0.012687,0.106225
1.499946,-0.012687,0.106225,0.000000,0.016121,1.499962,-0.010719,0.087770
1.499962,-0.010719,0.087770,0.000000,0.012807,1.499975,-0.008654,0.079133
1.499975,-0.008654,0.079133,0.000000,0.006748,1.499984,-0.006820,0.075772
1.499984,-0.006820,0.075772,0.000000,0.002725,1.499990,-0.005477,0.073819
1.499990,-0.005477,0.073819,0.000000,-0.003902,1.499971,-0.009258,-0.008031
1.499971,-0.009258,-0.008031,0.000000,-0.007290,1.499977,-0.008386,-0.043818
1.499977,-0.008386,-0.043818,0.000000,-0.010309,1.499987,-0.006351,-0.060131
1.499987,-0.006351,-0.060131,0.000000,-0.012348,1.499994,-0.004218,-0.066892
1.499994,-0.004218,-0.066892,0.000000,-0.013049,1.499998,-0.002528,-0.070350
1.499998,-0.002528,-0.070350,0.000000,-0.014581,1.500000,-0.001167,-0.071418
1.500000,-0.001167,-0.071418,0.000000,-0.015243,1.500000,-0.000244,-0.072355
1.500000,-0.000244,-0.072355,0.000000,-0.016539,1.500000,0.000484,-0.072306
1.500000,0.000484,-0.072306,0.000000,-0.017221,1.500000,0.000926,-0.072748
1.500000,0.000926,-0.072748,0.000000,-0.018200,1.499999,0.001305,-0.072480
1.499999,0.001305,-0.072480,0.000000,-0.018811,1.499999,0.001497,-0.072825
1.499999,0.001497,-0.072825,0.000000,-0.019336,1.499999,0.001699,-0.072514
1.499999,0.001699,-0.072514,0.000000,-0.019751,1.499999,0.001769,-0.072840
1.499999,0.001769,-0.072840,0.000000,-0.019680,1.499999,0.001887,-0.072521
1.499999,0.001887,-0.072521,0.000000,-0.019753,1.499999,0.001898,-0.072843
1.499999,0.001898,-0.072843,0.000000,-0.018945,1.499999,0.001976,-0.072522
1.499999,0.001976,-0.072522,0.000000,-0.018507,1.499999,0.001959,-0.072844
1.499999,0.001959,-0.072844,0.000000,-0.016817,1.499999,0.002018,-0.072522
1.499999,0.002018,-0.072522,0.000000,-0.015672,1.499999,0.001988,-0.072844
1.499999,0.001988,-0.072844,0.000000,-0.012950,1.499999,0.002038,-0.072522
1.499999,0.002038,-0.072522,0.000000,-0.010875,1.499999,0.002002,-0.072844
1.499999,0.002002,-0.072844,0.000000,-0.006963,1.499999,0.002047,-0.072522
1.499999,0.002047,-0.072522,0.000000,-0.003699,1.499999,0.002008,-0.072844
1.499999,0.002008,-0.072844,0.000000,0.001566,1.499986,0.006417,-0.003080
1.499986,0.006417,-0.003080,0.000000,0.005052,1.499984,0.006954,0.039360
1.499984,0.006954,0.039360,0.000000,0.008147,1.499990,0.005498,0.057693
1.499990,0.005498,0.057693,0.000000,0.009262,1.499995,0.003790,0.066276
1.499995,0.003790,0.066276,0.000000,0.012298,1.499998,0.002203,0.069614
1.499998,0.002203,0.069614,0.000000,0.013910,1.500000,0.001031,0.071556
1.500000,0.001031,0.071556,0.000000,0.018386,1.500000,0.000089,0.071952
1.500000,0.000089,0.071952,0.000000,0.021292,1.500000,-0.000518,0.072591
1.500000,-0.000518,0.072591,0.000000,0.027737,1.500000,-0.001018,0.072411
1.500000,-0.001018,0.072411,0.000000,0.032391,1.499997,0.003069,0.142237
1.499997,0.003069,0.142237,0.000000,0.039955,1.499996,0.003383,0.184705
1.499996,0.003383,0.184705,0.000000,0.042888,1.499999,0.001771,0.203050
1.499999,0.001771,0.203050,0.000000,0.049410,1.500000,-0.000043,0.211638
1.500000,-0.000043,0.211638,0.000000,0.052538,1.499999,-0.001704,0.214978
1.499999,-0.001704,0.214978,0.000000,0.061099,1.499997,-0.002927,0.216921
1.499997,-0.002927,0.216921,0.000000,0.066148,1.500000,0.000938,0.298767
1.500000,0.000938,0.298767,0.000000,0.075382,1.500000,0.000122,0.334552
1.500000,0.000122,0.334552,0.000000,0.078833,1.499999,-0.001873,0.350864
1.499999,-0.001873,0.350864,0.000000,0.087182,1.499995,-0.003979,0.357625
1.499995,-0.003979,0.357625,0.000000,0.091570,1.499989,-0.005651,0.361083
1.499989,-0.005651,0.361083,0.000000,0.101422,1.499998,-0.002158,0.443600
1.499998,-0.002158,0.443600,0.000000,0.106147,1.499996,-0.003256,0.479682
1.499996,-0.003256,0.479682,0.000000,0.113861,1.499990,-0.005458,0.496126
1.499990,-0.005458,0.496126,0.000000,0.117482,1.499980,-0.007712,0.502945
1.499980,-0.007712,0.502945,0.000000,0.125603,1.499970,-0.009487,0.506429
1.499970,-0.009487,0.506429,0.000000,0.130517,1.499988,-0.006066,0.588958
1.499988,-0.006066,0.588958,0.000000,0.138290,1.499983,-0.007214,0.625045
1.499983,-0.007214,0.625045,0.000000,0.140804,1.499970,-0.009451,0.641491
1.499970,-0.009451,0.641491,0.000000,0.146959,1.499954,-0.011728,0.648311
1.499954,-0.011728,0.648311,0.000000,0.149759,1.499939,-0.013520,0.651795
1.499939,-0.013520,0.651795,0.000000,0.156256,1.499925,-0.014951,0.652875
1.499925,-0.014951,0.652875,0.000000,0.160747,1.499955,-0.011558,0.723259
1.499955,-0.011558,0.723259,0.000000,0.166240,1.499954,-0.011742,0.765974
1.499954,-0.011742,0.765974,0.000000,0.168791,1.499937,-0.013706,0.784428
1.499937,-0.013706,0.784428,0.000000,0.170581,1.499917,-0.015767,0.793066
1.499917,-0.015767,0.793066,0.000000,0.172612,1.499897,-0.017599,0.796427
1.499897,-0.017599,0.796427,0.000000,0.173617,1.499880,-0.018940,0.798380
1.499880,-0.018940,0.798380,0.000000,0.176240,1.499867,-0.019999,0.798780
1.499867,-0.019999,0.798780,0.000000,0.177640,1.499857,-0.020686,0.799422
1.499857,-0.020686,0.799422,0.000000,0.180857,1.499850,-0.021241,0.799242
1.499850,-0.021241,0.799242,0.000000,0.182881,1.499845,-0.021558,0.799626
1.499845,-0.021558,0.799626,0.000000,0.186909,1.499841,-0.021848,0.799333
1.499841,-0.021848,0.799333,0.000000,0.189596,1.499839,-0.021979,0.799666
1.499839,-0.021979,0.799666,0.000000,0.194534,1.499900,-0.017298,0.880800
1.499900,-0.017298,0.880800,0.000000,0.196074,1.499898,-0.017523,0.916269
1.499898,-0.017523,0.916269,0.000000,0.197904,1.499878,-0.019099,0.932441
1.499878,-0.019099,0.932441,0.000000,0.196805,1.499854,-0.020912,0.939140
1.499854,-0.020912,0.939140,0.000000,0.197552,1.499833,-0.022379,0.942571
1.499833,-0.022379,0.942571,0.000000,0.195998,1.499815,-0.023586,0.943626
1.499815,-0.023586,0.943626,0.000000,0.196487,1.499801,-0.024403,0.944558
1.499801,-0.024403,0.944558,0.000000,0.194856,1.499791,-0.025058,0.944506
1.499791,-0.025058,0.944506,0.000000,0.195181,1.499784,-0.025450,0.944948
1.499784,-0.025450,0.944948,0.000000,0.193589,1.499778,-0.025793,0.944679
1.499778,-0.025793,0.944679,0.000000,0.193680,1.499775,-0.025962,0.945024
1.499775,-0.025962,0.945024,0.000000,0.192100,1.499732,-0.028330,0.909992
1.499732,-0.028330,0.909992,0.000000,0.192386,1.499770,-0.026258,0.929661
1.499770,-0.026258,0.929661,0.000000,0.191547,1.499698,-0.030076,0.868467
1.499698,-0.030076,0.868467,0.000000,0.192489,1.499779,-0.025725,0.911271
1.499779,-0.025725,0.911271,0.000000,0.192629,1.499799,-0.024579,0.929764
1.499799,-0.024579,0.929764,0.000000,0.192685,1.499800,-0.024506,0.938418
1.499800,-0.024506,0.938418,0.000000,0.191275,1.499715,-0.029238,0.872345
1.499715,-0.029238,0.872345,0.000000,0.191449,1.499697,-0.030152,0.831539
1.499697,-0.030152,0.831539,0.000000,0.193211,1.499797,-0.024658,0.883372
1.499797,-0.024658,0.883372,0.000000,0.195463,1.499829,-0.022626,0.917872
1.499829,-0.022626,0.917872,0.000000,0.195319,1.499828,-0.022726,0.932688
1.499828,-0.022726,0.932688,0.000000,0.194584,1.499818,-0.023356,0.939713
1.499818,-0.023356,0.939713,0.000000,0.193160,1.499806,-0.024138,0.942361
1.499806,-0.024138,0.942361,0.000000,0.191327,1.499709,-0.029569,0.862548
1.499709,-0.029569,0.862548,0.000000,0.191171,1.499702,-0.029914,0.827664
1.499702,-0.029914,0.827664,0.000000,0.192510,1.499809,-0.023914,0.893199
1.499809,-0.023914,0.893199,0.000000,0.193368,1.499830,-0.022582,0.921760
1.499830,-0.022582,0.921760,0.000000,0.191781,1.499745,-0.027642,0.853424
1.499745,-0.027642,0.853424,0.000000,0.191647,1.499735,-0.028211,0.823623
1.499735,-0.028211,0.823623,0.000000,0.192598,1.499830,-0.022576,0.891410
1.499830,-0.022576,0.891410,0.000000,0.192323,1.499845,-0.021588,0.920968
1.499845,-0.021588,0.920968,0.000000,0.190531,1.499758,-0.026927,0.853073
1.499758,-0.026927,0.853073,0.000000,0.187604,1.499744,-0.027706,0.823468
1.499744,-0.027706,0.823468,0.000000,0.187768,1.499756,-0.027063,0.809892
1.499756,-0.027063,0.809892,0.000000,0.185423,1.499775,-0.025999,0.804343
1.499775,-0.025999,0.804343,0.000000,0.185849,1.499790,-0.025094,0.801421
1.499790,-0.025094,0.801421,0.000000,0.182171,1.499803,-0.024294,0.800592
1.499803,-0.024294,0.800592,0.000000,0.181674,1.499812,-0.023767,0.799760
1.499812,-0.023767,0.799760,0.000000,0.176263,1.499819,-0.023314,0.799856
1.499819,-0.023314,0.799856,0.000000,0.174198,1.499823,-0.023063,0.799434
1.499823,-0.023063,0.799434,0.000000,0.166764,1.499826,-0.022817,0.799711
1.499826,-0.022817,0.799711,0.000000,0.162470,1.499828,-0.022716,0.799370
1.499828,-0.022716,0.799370,0.000000,0.156880,1.499749,-0.027417,0.718234
1.499749,-0.027417,0.718234,0.000000,0.146936,1.499753,-0.027205,0.682763
1.499753,-0.027205,0.682763,0.000000,0.142211,1.499781,-0.025638,0.666590
1.499781,-0.025638,0.666590,0.000000,0.131605,1.499811,-0.023832,0.659891
1.499811,-0.023832,0.659891,0.000000,0.124606,1.499762,-0.026734,0.587018
1.499762,-0.026734,0.587018,0.000000,0.111453,1.499773,-0.026108,0.543200
1.499773,-0.026108,0.543200,0.000000,0.103867,1.499811,-0.023795,0.524258
1.499811,-0.023795,0.524258,0.000000,0.089575,1.499777,-0.025839,0.445962
1.499777,-0.025839,0.445962,0.000000,0.079795,1.499802,-0.024398,0.399743
1.499802,-0.024398,0.399743,0.000000,0.064377,1.499847,-0.021425,0.379737
1.499847,-0.021425,0.379737,0.000000,0.053373,1.499824,-0.022972,0.300970
1.499824,-0.022972,0.300970,0.000000,0.034992,1.499851,-0.021170,0.254542
1.499851,-0.021170,0.254542,0.000000,0.023318,1.499827,-0.022781,0.152995
1.499827,-0.022781,0.152995,0.000000,0.004772,1.499872,-0.019599,0.108484
1.499872,-0.019599,0.108484,0.000000,-0.005977,1.499867,-0.019979,0.018865
1.499867,-0.019979,0.018865,0.000000,-0.025133,1.499905,-0.016924,-0.032370
1.499905,-0.016924,-0.032370,0.000000,-0.035193,1.499898,-0.017475,-0.136046
1.499898,-0.017475,-0.136046,0.000000,-0.053503,1.499939,-0.013475,-0.181499
1.499939,-0.013475,-0.181499,0.000000,-0.062331,1.499974,-0.008891,-0.202094
1.499974,-0.008891,-0.202094,0.000000,-0.081102,1.499969,-0.009669,-0.292200
1.499969,-0.009669,-0.292200,0.000000,-0.091113,1.499986,-0.006391,-0.331644
1.499986,-0.006391,-0.331644,0.000000,-0.108951,1.499984,-0.006917,-0.419018
1.499984,-0.006917,-0.419018,0.000000,-0.118585,1.499995,-0.004056,-0.469259
1.499995,-0.004056,-0.469259,0.000000,-0.134761,1.499992,-0.004781,-0.572495
1.499992,-0.004781,-0.572495,0.000000,-0.142757,1.500000,-0.000919,-0.617754
1.500000,-0.000919,-0.617754,0.000000,-0.155413,1.499996,0.003562,-0.638262
1.499996,0.003562,-0.638262,0.000000,-0.163887,1.499998,0.002710,-0.728330
1.499998,0.002710,-0.728330,0.000000,-0.175142,1.499988,0.005935,-0.767756
1.499988,0.005935,-0.767756,0.000000,-0.182175,1.499968,0.009737,-0.785682
1.499968,0.009737,-0.785682,0.000000,-0.192480,1.499977,0.008310,-0.874606
1.499977,0.008310,-0.874606,0.000000,-0.200619,1.499959,0.011094,-0.913526
1.499959,0.011094,-0.913526,0.000000,-0.203859,1.499929,0.014571,-0.931226
1.499929,0.014571,-0.931226,0.000000,-0.207659,1.499895,0.017753,-0.938602
1.499895,0.017753,-0.938602,0.000000,-0.208889,1.499864,0.020188,-0.942333
1.499864,0.020188,-0.942333,0.000000,-0.209734,1.499838,0.022072,-0.943521
1.499838,0.022072,-0.943521,0.000000,-0.210045,1.499818,0.023358,-0.944511
1.499818,0.023358,-0.944511,0.000000,-0.208027,1.499803,0.024339,-0.944486
1.499803,0.024339,-0.944486,0.000000,-0.206920,1.499792,0.024955,-0.944938
1.499792,0.024955,-0.944938,0.000000,-0.202322,1.499784,0.025453,-0.944675
1.499784,0.025453,-0.944675,0.000000,-0.199163,1.499779,0.025728,-0.945022
1.499779,0.025728,-0.945022,0.000000,-0.191875,1.499693,0.030352,-0.875270
1.499693,0.030352,-0.875270,0.000000,-0.187205,1.499679,0.031039,-0.832834
1.499679,0.031039,-0.832834,0.000000,-0.180111,1.499706,0.029685,-0.814504
1.499706,0.029685,-0.814504,0.000000,-0.176030,1.499738,0.028048,-0.805922
1.499738,0.028048,-0.805922,0.000000,-0.166376,1.499766,0.026510,-0.802585
1.499766,0.026510,-0.802585,0.000000,-0.159807,1.499705,0.029736,-0.731201
1.499705,0.029736,-0.731201,0.000000,-0.146417,1.499712,0.029395,-0.688042
1.499712,0.029395,-0.688042,0.000000,-0.139324,1.499751,0.027305,-0.669392
1.499751,0.027305,-0.669392,0.000000,-0.123634,1.499710,0.029514,-0.591226
1.499710,0.029514,-0.591226,0.000000,-0.114363,1.499735,0.028192,-0.545064
1.499735,0.028192,-0.545064,0.000000,-0.096670,1.499787,0.025304,-0.525083
1.499787,0.025304,-0.525083,0.000000,-0.085685,1.499759,0.026909,-0.446328
1.499759,0.026909,-0.446328,0.000000,-0.064759,1.499789,0.025148,-0.399905
1.499789,0.025148,-0.399905,0.000000,-0.052290,1.499761,0.026788,-0.298359
1.499761,0.026788,-0.298359,0.000000,-0.039975,1.499814,0.023624,-0.253850
1.499814,0.023624,-0.253850,0.000000,-0.018854,1.499808,0.024018,-0.164231
1.499808,0.024018,-0.164231,0.000000,-0.005902,1.499853,0.020973,-0.112997
1.499853,0.020973,-0.112997,0.000000,0.015040,1.499845,0.021530,-0.009320
1.499845,0.021530,-0.009320,0.000000,0.027347,1.499898,0.017535,0.036133
1.499898,0.017535,0.036133,0.000000,0.046808,1.499900,0.017318,0.126170
1.499900,0.017318,0.126170,0.000000,0.059009,1.499936,0.013836,0.177589
1.499936,0.013836,0.177589,0.000000,0.076884,1.499934,0.014086,0.281347
1.499934,0.014086,0.281347,0.000000,0.093426,1.499967,0.009876,0.326837
1.499967,0.009876,0.326837,0.000000,0.102488,1.499970,0.009510,0.416890
1.499970,0.009510,0.416890,0.000000,0.116852,1.499988,0.005925,0.468316
1.499988,0.005925,0.468316,0.000000,0.123882,1.499999,0.001263,0.490629
1.499999,0.001263,0.490629,0.000000,0.136303,1.499999,0.001554,0.570416
1.499999,0.001554,0.570416,0.000000,0.142921,1.500000,-0.001154,0.617297
1.500000,-0.001154,0.617297,0.000000,0.152833,1.499992,-0.005023,0.637596
1.499992,-0.005023,0.637596,0.000000,0.157680,1.499976,-0.008469,0.647050
1.499976,-0.008469,0.647050,0.000000,0.167350,1.499986,-0.006445,0.732222
1.499986,-0.006445,0.732222,0.000000,0.171516,1.499975,-0.008662,0.769480
1.499975,-0.008662,0.769480,0.000000,0.178096,1.499955,-0.011681,0.786445
1.499955,-0.011681,0.786445,0.000000,0.180837,1.499930,-0.014518,0.793495
1.499930,-0.014518,0.793495,0.000000,0.186358,1.499907,-0.016703,0.797081
1.499907,-0.016703,0.797081,0.000000,0.189978,1.499887,-0.018408,0.798205
1.499887,-0.018408,0.798205,0.000000,0.195225,1.499923,-0.015205,0.868609
1.499923,-0.015205,0.868609,0.000000,0.198969,1.499920,-0.015521,0.911334
1.499920,-0.015521,0.911334,0.000000,0.200423,1.499897,-0.017576,0.929792
1.499897,-0.017576,0.929792,0.000000,0.201684,1.499871,-0.019699,0.938431
1.499871,-0.019699,0.938431,0.000000,0.201039,1.499845,-0.021574,0.941793
1.499845,-0.021574,0.941793,0.000000,0.202202,1.499825,-0.022944,0.943746
1.499825,-0.022944,0.943746,0.000000,0.201328,1.499808,-0.024023,0.944147
1.499808,-0.024023,0.944147,0.000000,0.201941,1.499796,-0.024724,0.944788
1.499796,-0.024724,0.944788,0.000000,0.200988,1.499787,-0.025289,0.944608
1.499787,-0.025289,0.944608,0.000000,0.201041,1.499781,-0.025612,0.944993
1.499781,-0.025612,0.944993,0.000000,0.200024,1.499776,-0.025907,0.944699
1.499776,-0.025907,0.944699,0.000000,0.199468,1.499774,-0.026040,0.945033
1.499774,-0.026040,0.945033,0.000000,0.198393,1.499771,-0.026202,0.944717
1.499771,-0.026202,0.944717,0.000000,0.197192,1.499770,-0.026244,0.945041
1.499770,-0.026244,0.945041,0.000000,0.196065,1.499769,-0.026343,0.944720
1.499769,-0.026343,0.944720,0.000000,0.194198,1.499769,-0.026341,0.945042
1.499769,-0.026341,0.945042,0.000000,0.192938,1.499768,-0.026409,0.944721
1.499768,-0.026409,0.944721,0.000000,0.190353,1.499675,-0.031226,0.863593
1.499675,-0.031226,0.863593,0.000000,0.190403,1.499678,-0.031096,0.828127
1.499678,-0.031096,0.828127,0.000000,0.191036,1.499708,-0.029585,0.811955
1.499708,-0.029585,0.811955,0.000000,0.193680,1.499817,-0.023452,0.874699
1.499817,-0.023452,0.874699,0.000000,0.194358,1.499847,-0.021437,0.914031
1.499847,-0.021437,0.914031,0.000000,0.193804,1.499842,-0.021750,0.930986
1.499842,-0.021750,0.930986,0.000000,0.191002,1.499749,-0.027455,0.857510
1.499749,-0.027455,0.857510,0.000000,0.190209,1.499734,-0.028253,0.825433
1.499734,-0.028253,0.825433,0.000000,0.190142,1.499748,-0.027521,0.810762
1.499748,-0.027521,0.810762,0.000000,0.191417,1.499769,-0.026350,0.804728
1.499769,-0.026350,0.804728,0.000000,0.192405,1.499860,-0.020510,0.883041
1.499860,-0.020510,0.883041,0.000000,0.191907,1.499839,-0.022004,0.882540
1.499839,-0.022004,0.882540,0.000000,0.189661,1.499781,-0.025610,0.836054
1.499781,-0.025610,0.836054,0.000000,0.188157,1.499773,-0.026092,0.815930
1.499773,-0.026092,0.815930,0.000000,0.187744,1.499781,-0.025641,0.806553
1.499781,-0.025641,0.806553,0.000000,0.187154,1.499794,-0.024884,0.802864
1.499794,-0.024884,0.802864,0.000000,0.187083,1.499804,-0.024266,0.800767
1.499804,-0.024266,0.800767,0.000000,0.186052,1.499813,-0.023699,0.800302
1.499813,-0.023699,0.800302,0.000000,0.185647,1.499818,-0.023346,0.799632
1.499818,-0.023346,0.799632,0.000000,0.186327,1.499823,-0.023020,0.799799
1.499823,-0.023020,0.799799,0.000000,0.182852,1.499826,-0.022859,0.799409
1.499826,-0.022859,0.799409,0.000000,0.182840,1.499829,-0.022676,0.799700
1.499829,-0.022676,0.799700,0.000000,0.178081,1.499829,-0.022619,0.799365
1.499829,-0.022619,0.799365,0.000000,0.176845,1.499831,-0.022509,0.799681
1.499831,-0.022509,0.799681,0.000000,0.170344,1.499831,-0.022503,0.799357
1.499831,-0.022503,0.799357,0.000000,0.167281,1.499832,-0.022429,0.799677
1.499832,-0.022429,0.799677,0.000000,0.158773,1.499760,-0.026813,0.729913
1.499760,-0.026813,0.729913,0.000000,0.154696,1.499751,-0.027334,0.687472
1.499751,-0.027334,0.687472,0.000000,0.147516,1.499777,-0.025867,0.669139
1.499777,-0.025867,0.669139,0.000000,0.144807,1.499806,-0.024151,0.660556
1.499806,-0.024151,0.660556,0.000000,0.137000,1.499830,-0.022560,0.657219
1.499830,-0.022560,0.657219,0.000000,0.132826,1.499848,-0.021384,0.655277
1.499848,-0.021384,0.655277,0.000000,0.123093,1.499787,-0.025280,0.573431
1.499787,-0.025280,0.573431,0.000000,0.118385,1.499800,-0.024487,0.537647
1.499800,-0.024487,0.537647,0.000000,0.110379,1.499831,-0.022507,0.521334
1.499831,-0.022507,0.521334,0.000000,0.106484,1.499861,-0.020411,0.514573
1.499861,-0.020411,0.514573,0.000000,0.097691,1.499883,-0.018747,0.511115
1.499883,-0.018747,0.511115,0.000000,0.092074,1.499835,-0.022245,0.428598
1.499835,-0.022245,0.428598,0.000000,0.083213,1.499851,-0.021150,0.392517
1.499851,-0.021150,0.392517,0.000000,0.079309,1.499880,-0.018951,0.376072
1.499880,-0.018951,0.376072,0.000000,0.071607,1.499907,-0.016699,0.369253
1.499907,-0.016699,0.369253,0.000000,0.066918,1.499926,-0.014925,0.365769
1.499926,-0.014925,0.365769,0.000000,0.057913,1.499888,-0.018346,0.283241
1.499888,-0.018346,0.283241,0.000000,0.053108,1.499901,-0.017198,0.247154
1.499901,-0.017198,0.247154,0.000000,0.046553,1.499925,-0.014962,0.230708
1.499925,-0.014962,0.230708,0.000000,0.043163,1.499946,-0.012685,0.223888
1.499946,-0.012685,0.223888,0.000000,0.036718,1.499960,-0.010894,0.220403
1.499960,-0.010894,0.220403,0.000000,0.032306,1.499970,-0.009462,0.219324
1.499970,-0.009462,0.219324,0.000000,0.024881,1.499945,-0.012856,0.148940
1.499945,-0.012856,0.148940,0.000000,0.020103,1.499946,-0.012672,0.106224
1.499946,-0.012672,0.106224,0.000000,0.017095,1.499962,-0.010708,0.087770
1.499962,-0.010708,0.087770,0.000000,0.012763,1.499975,-0.008646,0.079133
1.499975,-0.008646,0.079133,0.000000,0.010259,1.499985,-0.006815,0.075772
1.499985,-0.006815,0.075772,0.000000,0.005939,1.499990,-0.005473,0.073819
1.499990,-0.005473,0.073819,0.000000,0.002782,1.499994,-0.004415,0.073418
1.499994,-0.004415,0.073418,0.000000,-0.001793,1.499978,-0.008093,0.003335
1.499978,-0.008093,0.003335,0.000000,-0.004443,1.499978,-0.008116,-0.039248
1.499978,-0.008116,-0.039248,0.000000,-0.005228,1.499987,-0.006300,-0.057643
1.499987,-0.006300,-0.057643,0.000000,-0.004251,1.499994,-0.004343,-0.066254
1.499994,-0.004343,-0.066254,0.000000,-0.002772,1.499998,-0.002584,-0.069604
1.499998,-0.002584,-0.069604,0.000000,-0.000457,1.499999,-0.001293,-0.071551
1.499999,-0.001293,-0.071551,0.000000,0.002449,1.499994,0.004096,-0.002508
1.499994,0.004096,-0.002508,0.000000,0.004747,1.499991,0.005338,0.039614
1.499991,0.005338,0.039614,0.000000,0.005457,1.499994,0.004377,0.057805
1.499994,0.004377,0.057805,0.000000,0.005135,1.499997,0.003016,0.066326
1.499997,0.003016,0.066326,0.000000,0.005887,1.499999,0.001670,0.069636
1.499999,0.001670,0.069636,0.000000,0.006013,1.500000,0.000664,0.071565
1.500000,0.000664,0.071565,0.000000,0.008389,1.500000,-0.000163,0.071956
1.500000,-0.000163,0.071956,0.000000,0.009930,1.500000,-0.000691,0.072593
1.500000,-0.000691,0.072593,0.000000,0.014441,1.500000,-0.001137,0.072411
1.500000,-0.001137,0.072411,0.000000,0.017972,1.499999,-0.001379,0.072795
1.499999,-0.001379,0.072795,0.000000,0.024883,1.499999,-0.001617,0.072501
1.499999,-0.001617,0.072501,0.000000,0.030935,1.499999,-0.001712,0.072834
1.499999,-0.001712,0.072834,0.000000,0.040447,1.499997,0.002993,0.153967
1.499997,0.002993,0.153967,0.000000,0.047637,1.499997,0.002785,0.189436
1.499997,0.002785,0.189436,0.000000,0.055804,1.500000,0.001220,0.205609
1.500000,0.001220,0.205609,0.000000,0.062539,1.500000,-0.000585,0.212308
1.500000,-0.000585,0.212308,0.000000,0.072014,1.499998,0.002318,0.285181
1.499998,0.002318,0.285181,0.000000,0.079550,1.499999,0.001693,0.328999
1.499999,0.001693,0.328999,0.000000,0.087438,1.500000,-0.000619,0.347941
1.500000,-0.000619,0.347941,0.000000,0.096429,1.499999,0.001425,0.426236
1.499999,0.001425,0.426236,0.000000,0.100571,1.500000,-0.000016,0.472456
1.500000,-0.000016,0.472456,0.000000,0.107055,1.499997,-0.002989,0.492462
1.499997,-0.002989,0.492462,0.000000,0.109253,1.499989,-0.005807,0.501786
1.499989,-0.005807,0.501786,0.000000,0.115216,1.499978,-0.008187,0.505452
1.499978,-0.008187,0.505452,0.000000,0.118503,1.499967,-0.009918,0.507539
1.499967,-0.009918,0.507539,0.000000,0.124721,1.499958,-0.011249,0.508000
1.499958,-0.011249,0.508000,0.000000,0.129573,1.499980,-0.007761,0.578110
1.499980,-0.007761,0.578110,0.000000,0.134540,1.499979,-0.007869,0.620704
1.499979,-0.007869,0.620704,0.000000,0.137189,1.499968,-0.009776,0.639105
1.499968,-0.009776,0.639105,0.000000,0.138753,1.499954,-0.011796,0.647718
1.499954,-0.011796,0.647718,0.000000,0.140365,1.499938,-0.013598,0.651069
1.499938,-0.013598,0.651069,0.000000,0.141550,1.499926,-0.014918,0.653017
1.499926,-0.014918,0.653017,0.000000,0.143078,1.499915,-0.015962,0.653416
1.499915,-0.015962,0.653416,0.000000,0.144452,1.499908,-0.016639,0.654056
1.499908,-0.016639,0.654056,0.000000,0.146160,1.499902,-0.017187,0.653876
1.499902,-0.017187,0.653876,0.000000,0.147823,1.499898,-0.017500,0.654260
1.499898,-0.017500,0.654260,0.000000,0.149787,1.499895,-0.017787,0.653966
1.499895,-0.017787,0.653966,0.000000,0.151666,1.499893,-0.017915,0.654300
1.499893,-0.017915,0.654300,0.000000,0.153889,1.499891,-0.018073,0.653984
1.499891,-0.018073,0.653984,0.000000,0.155821,1.499891,-0.018112,0.654308
1.499891,-0.018112,0.654308,0.000000,0.158259,1.499889,-0.018209,0.653987
1.499889,-0.018209,0.653987,0.000000,0.160046,1.499914,-0.016023,0.689030
1.499914,-0.016023,0.689030,0.000000,0.162028,1.499940,-0.013382,0.750815
1.499940,-0.013382,0.750815,0.000000,0.160870,1.499933,-0.014200,0.777715
1.499933,-0.014200,0.777715,0.000000,0.158878,1.499858,-0.020667,0.708643
1.499858,-0.020667,0.708643,0.000000,0.156473,1.499836,-0.022172,0.678516
1.499836,-0.022172,0.678516,0.000000,0.156624,1.499839,-0.022005,0.664709
1.499839,-0.022005,0.664709,0.000000,0.155708,1.499849,-0.021259,0.659058
1.499849,-0.021259,0.659058,0.000000,0.156256,1.499859,-0.020568,0.656091
1.499859,-0.020568,0.656091,0.000000,0.154454,1.499868,-0.019913,0.655241
1.499868,-0.019913,0.655241,0.000000,0.154323,1.499873,-0.019484,0.654401
1.499873,-0.019484,0.654401,0.000000,0.151014,1.499878,-0.019099,0.654492
1.499878,-0.019099,0.654492,0.000000,0.149774,1.499881,-0.018894,0.654069
1.499881,-0.018894,0.654069,0.000000,0.144661,1.499884,-0.018679,0.654346
1.499884,-0.018679,0.654346,0.000000,0.141940,1.499885,-0.018600,0.654004
1.499885,-0.018600,0.654004,0.000000,0.138056,1.499886,-0.018475,0.654317
1.499886,-0.018475,0.654317,0.000000,0.130157,1.499886,-0.018459,0.653991
1.499886,-0.018459,0.653991,0.000000,0.124080,1.499820,-0.023218,0.572862
1.499820,-0.023218,0.572862,0.000000,0.115489,1.499823,-0.023047,0.537395
1.499823,-0.023047,0.537395,0.000000,0.111064,1.499846,-0.021508,0.521222
1.499846,-0.021508,0.521222,0.000000,0.102975,1.499870,-0.019721,0.514524
1.499870,-0.019721,0.514524,0.000000,0.097596,1.499889,-0.018271,0.511093
1.499889,-0.018271,0.511093,0.000000,0.087486,1.499840,-0.021917,0.428589
1.499840,-0.021917,0.428589,0.000000,0.081561,1.499854,-0.020924,0.392512
1.499854,-0.020924,0.392512,0.000000,0.072990,1.499882,-0.018796,0.376070
1.499882,-0.018796,0.376070,0.000000,0.067774,1.499908,-0.016592,0.369253
1.499908,-0.016592,0.369253,0.000000,0.058144,1.499877,-0.019217,0.296327
1.499877,-0.019217,0.296327,0.000000,0.052244,1.499887,-0.018398,0.252486
1.499887,-0.018398,0.252486,0.000000,0.046253,1.499915,-0.015952,0.233533
1.499915,-0.015952,0.233533,0.000000,0.041938,1.499939,-0.013539,0.224675
1.499939,-0.013539,0.224675,0.000000,0.033722,1.499956,-0.011456,0.221216
1.499956,-0.011456,0.221216,0.000000,0.028069,1.499932,-0.014304,0.149778
1.499932,-0.014304,0.149778,0.000000,0.019862,1.499937,-0.013701,0.106596
1.499937,-0.013701,0.106596,0.000000,0.016196,1.499956,-0.011430,0.087935
1.499956,-0.011430,0.087935,0.000000,0.010517,1.499972,-0.009149,0.079206
1.499972,-0.009149,0.079206,0.000000,0.007036,1.499983,-0.007163,0.075804
1.499983,-0.007163,0.075804,0.000000,0.001061,1.499989,-0.005714,0.073833
1.499989,-0.005714,0.073833,0.000000,-0.003518,1.499970,-0.009421,-0.008025
